year,comm_area,comm_name,metric,value
2019,0,Unlabeled,calls,169
2019,0,Unlabeled,calls per capita,-169.0
2019,0,Unlabeled,mean time,4.003688020490905
2019,0,Unlabeled,median time,2.1275810185185184
2019,1,Rogers Park,calls,770
2019,1,Rogers Park,calls per capita,0.01382132792446734
2019,1,Rogers Park,mean time,3.505168395262145
2019,1,Rogers Park,median time,2.9911053240740744
2019,2,West Ridge,calls,1097
2019,2,West Ridge,calls per capita,0.013839651800920961
2019,2,West Ridge,mean time,3.0545955720989904
2019,2,West Ridge,median time,2.3405787037037036
2019,3,Uptown,calls,438
2019,3,Uptown,calls per capita,0.007622163441459001
2019,3,Uptown,mean time,3.480598178800947
2019,3,Uptown,median time,2.961730324074074
2019,4,Lincoln Square,calls,472
2019,4,Lincoln Square,calls per capita,0.011166047644957535
2019,4,Lincoln Square,mean time,3.3130862317561207
2019,4,Lincoln Square,median time,2.517702546296296
2019,5,North Center,calls,480
2019,5,North Center,calls per capita,0.013402579996649355
2019,5,North Center,mean time,3.6060626205632715
2019,5,North Center,median time,3.0252025462962964
2019,6,Lake View,calls,1952
2019,6,Lake View,calls per capita,0.01918634938420861
2019,6,Lake View,mean time,3.3302520325781724
2019,6,Lake View,median time,2.7522280092592593
2019,7,Lincoln Park,calls,906
2019,7,Lincoln Park,calls per capita,0.013111622454738852
2019,7,Lincoln Park,mean time,3.029421155772218
2019,7,Lincoln Park,median time,2.3027662037037038
2019,8,Near North Side,calls,269
2019,8,Near North Side,calls per capita,0.00265789265670698
2019,8,Near North Side,mean time,2.9513295125981
2019,8,Near North Side,median time,2.530590277777778
2019,9,Edison Park,calls,44
2019,9,Edison Park,calls per capita,0.003858972110156113
2019,9,Edison Park,mean time,3.260367213804714
2019,9,Edison Park,median time,2.905445601851852
2019,10,Norwood Park,calls,480
2019,10,Norwood Park,calls per capita,0.01210867536136828
2019,10,Norwood Park,mean time,3.7987398485725308
2019,10,Norwood Park,median time,3.243119212962963
2019,11,Jefferson Park,calls,670
2019,11,Jefferson Park,calls per capita,0.024785439479135838
2019,11,Jefferson Park,mean time,3.821555382808181
2019,11,Jefferson Park,median time,3.174282407407407
2019,12,Forest Glen,calls,312
2019,12,Forest Glen,calls per capita,0.01571392596323344
2019,12,Forest Glen,mean time,3.4058270269468185
2019,12,Forest Glen,median time,3.0607407407407408
2019,13,North Park,calls,190
2019,13,North Park,calls per capita,0.009794824208681307
2019,13,North Park,mean time,3.3305609770955167
2019,13,North Park,median time,2.882060185185185
2019,14,Albany Park,calls,534
2019,14,Albany Park,calls per capita,0.011203659022722027
2019,14,Albany Park,mean time,3.2916493922527397
2019,14,Albany Park,median time,2.85880787037037
2019,15,Portage Park,calls,1483
2019,15,Portage Park,calls per capita,0.023095011913475464
2019,15,Portage Park,mean time,3.539661776366724
2019,15,Portage Park,median time,3.0075925925925926
2019,16,Irving Park,calls,1450
2019,16,Irving Park,calls per capita,0.02706031651239176
2019,16,Irving Park,mean time,3.149619811621967
2019,16,Irving Park,median time,2.415185185185185
2019,17,Dunning,calls,781
2019,17,Dunning,calls per capita,0.018344529525062245
2019,17,Dunning,mean time,3.2280347044387536
2019,17,Dunning,median time,2.6950231481481484
2019,18,Montclare,calls,184
2019,18,Montclare,calls per capita,0.013367235742826007
2019,18,Montclare,mean time,3.3163030268719806
2019,18,Montclare,median time,3.03265625
2019,19,Belmont Cragin,calls,1155
2019,19,Belmont Cragin,calls per capita,0.015610006622427052
2019,19,Belmont Cragin,mean time,3.7761288981080647
2019,19,Belmont Cragin,median time,2.9922569444444442
2019,20,Hermosa,calls,374
2019,20,Hermosa,calls per capita,0.016150624001381873
2019,20,Hermosa,mean time,4.094728659140424
2019,20,Hermosa,median time,3.33203125
2019,21,Avondale,calls,669
2019,21,Avondale,calls per capita,0.018392258206411174
2019,21,Avondale,mean time,3.4716264428666332
2019,21,Avondale,median time,2.9021064814814816
2019,22,Logan Square,calls,1912
2019,22,Logan Square,calls per capita,0.02683433447482176
2019,22,Logan Square,mean time,3.496018342970324
2019,22,Logan Square,median time,2.993900462962963
2019,23,Humboldt Park,calls,1176
2019,23,Humboldt Park,calls per capita,0.02122130792550888
2019,23,Humboldt Park,mean time,3.320893319712144
2019,23,Humboldt Park,median time,3.0159780092592596
2019,24,West Town,calls,2099
2019,24,West Town,calls per capita,0.024270946555352557
2019,24,West Town,mean time,3.2285500591110403
2019,24,West Town,median time,2.8288657407407407
2019,25,Austin,calls,1205
2019,25,Austin,calls per capita,0.012035557331202557
2019,25,Austin,mean time,3.366981183725219
2019,25,Austin,median time,2.882152777777778
2019,26,West Garfield Park,calls,310
2019,26,West Garfield Park,calls per capita,0.01893245389031391
2019,26,West Garfield Park,mean time,4.136229801373955
2019,26,West Garfield Park,median time,3.9285243055555554
2019,27,East Garfield Park,calls,416
2019,27,East Garfield Park,calls per capita,0.02090347218732727
2019,27,East Garfield Park,mean time,3.8725262642450144
2019,27,East Garfield Park,median time,3.4011516203703707
2019,28,Near West Side,calls,670
2019,28,Near West Side,calls per capita,0.01021637364480566
2019,28,Near West Side,mean time,3.499191127694859
2019,28,Near West Side,median time,3.043171296296296
2019,29,North Lawndale,calls,668
2019,29,North Lawndale,calls per capita,0.021967180768851326
2019,29,North Lawndale,mean time,4.546033973719228
2019,29,North Lawndale,median time,3.948084490740741
2019,30,South Lawndale,calls,785
2019,30,South Lawndale,calls per capita,0.01126126126126126
2019,30,South Lawndale,mean time,3.574793494928049
2019,30,South Lawndale,median time,3.025625
2019,31,Lower West Side,calls,343
2019,31,Lower West Side,calls per capita,0.01001840114496013
2019,31,Lower West Side,mean time,3.64406702164993
2019,31,Lower West Side,median time,3.294814814814815
2019,32,Loop,calls,130
2019,32,Loop,calls per capita,0.003119675553742411
2019,32,Loop,mean time,3.0933657407407407
2019,32,Loop,median time,2.7539236111111114
2019,33,Near South Side,calls,91
2019,33,Near South Side,calls per capita,0.0032251204990076552
2019,33,Near South Side,mean time,4.01762934981685
2019,33,Near South Side,median time,3.807337962962963
2019,34,Armour Square,calls,206
2019,34,Armour Square,calls per capita,0.015573026912609617
2019,34,Armour Square,mean time,3.3265917161093133
2019,34,Armour Square,median time,2.696006944444444
2019,35,Douglas,calls,51
2019,35,Douglas,calls per capita,0.0023881994848981504
2019,35,Douglas,mean time,3.2012686092955702
2019,35,Douglas,median time,2.5329282407407407
2019,36,Oakland,calls,13
2019,36,Oakland,calls per capita,0.0018632650136161675
2019,36,Oakland,mean time,3.618173076923077
2019,36,Oakland,median time,3.297905092592593
2019,37,Fuller Park,calls,154
2019,37,Fuller Park,calls per capita,0.0694006309148265
2019,37,Fuller Park,mean time,2.754596185064935
2019,37,Fuller Park,median time,2.277743055555556
2019,38,Grand Boulevard,calls,273
2019,38,Grand Boulevard,calls per capita,0.011002297182928304
2019,38,Grand Boulevard,mean time,3.324248957061457
2019,38,Grand Boulevard,median time,2.9000578703703703
2019,39,Kenwood,calls,159
2019,39,Kenwood,calls per capita,0.008531416000429254
2019,39,Kenwood,mean time,3.9147219310505474
2019,39,Kenwood,median time,3.5779282407407407
2019,40,Washington Park,calls,119
2019,40,Washington Park,calls per capita,0.009623160278182111
2019,40,Washington Park,mean time,3.442352552131964
2019,40,Washington Park,median time,3.0930787037037035
2019,41,Hyde Park,calls,136
2019,41,Hyde Park,calls per capita,0.004600967556412598
2019,41,Hyde Park,mean time,3.4165549257897605
2019,41,Hyde Park,median time,3.0635648148148147
2019,42,Woodlawn,calls,175
2019,42,Woodlawn,calls per capita,0.007332914309658495
2019,42,Woodlawn,mean time,3.582463558201058
2019,42,Woodlawn,median time,3.29125
2019,43,South Shore,calls,325
2019,43,South Shore,calls per capita,0.005829178175556911
2019,43,South Shore,mean time,3.5681600783475784
2019,43,South Shore,median time,3.063784722222222
2019,44,Chatham,calls,263
2019,44,Chatham,calls per capita,0.008380600344146326
2019,44,Chatham,mean time,3.865025788621321
2019,44,Chatham,median time,3.360821759259259
2019,45,Avalon Park,calls,90
2019,45,Avalon Park,calls per capita,0.009369144284821987
2019,45,Avalon Park,mean time,3.8927407407407406
2019,45,Avalon Park,median time,3.468796296296296
2019,46,South Chicago,calls,274
2019,46,South Chicago,calls per capita,0.009038429820221013
2019,46,South Chicago,mean time,3.932098666869424
2019,46,South Chicago,median time,3.654577546296296
2019,47,Burnside,calls,36
2019,47,Burnside,calls per capita,0.016028495102404273
2019,47,Burnside,mean time,3.7685911779835393
2019,47,Burnside,median time,3.687864583333333
2019,48,Calumet Heights,calls,94
2019,48,Calumet Heights,calls per capita,0.007339736081830249
2019,48,Calumet Heights,mean time,4.354530388100867
2019,48,Calumet Heights,median time,4.083923611111111
2019,49,Roseland,calls,728
2019,49,Roseland,calls per capita,0.019356554107950015
2019,49,Roseland,mean time,3.9855637432590556
2019,49,Roseland,median time,3.417233796296296
2019,50,Pullman,calls,64
2019,50,Pullman,calls per capita,0.009334889148191364
2019,50,Pullman,mean time,3.083107277199074
2019,50,Pullman,median time,2.4307291666666666
2019,51,South Deering,calls,98
2019,51,South Deering,calls per capita,0.006439742410303588
2019,51,South Deering,mean time,3.9661707530234316
2019,51,South Deering,median time,4.075057870370371
2019,52,East Side,calls,62
2019,52,East Side,calls per capita,0.0025974025974025974
2019,52,East Side,mean time,3.92845710125448
2019,52,East Side,median time,3.77224537037037
2019,53,West Pullman,calls,481
2019,53,West Pullman,calls per capita,0.018900546190420055
2019,53,West Pullman,mean time,4.1051296007546005
2019,53,West Pullman,median time,3.384641203703704
2019,54,Riverdale,calls,9
2019,54,Riverdale,calls per capita,0.001151336829985928
2019,54,Riverdale,mean time,2.4811098251028807
2019,54,Riverdale,median time,1.3700925925925926
2019,55,Hegewisch,calls,14
2019,55,Hegewisch,calls per capita,0.001538968890843135
2019,55,Hegewisch,mean time,3.9124743716931216
2019,55,Hegewisch,median time,3.370896990740741
2019,56,Garfield Ridge,calls,1230
2019,56,Garfield Ridge,calls per capita,0.033790280486799815
2019,56,Garfield Ridge,mean time,3.5456830867961457
2019,56,Garfield Ridge,median time,3.0516087962962963
2019,57,Archer Heights,calls,184
2019,57,Archer Heights,calls per capita,0.013268911805004687
2019,57,Archer Heights,mean time,2.739177485909823
2019,57,Archer Heights,median time,2.0415335648148147
2019,58,Brighton Park,calls,494
2019,58,Brighton Park,calls per capita,0.01169424520038823
2019,58,Brighton Park,mean time,4.835984733468286
2019,58,Brighton Park,median time,3.150144675925926
2019,59,McKinley Park,calls,218
2019,59,McKinley Park,calls per capita,0.01408359713159765
2019,59,McKinley Park,mean time,3.2203217911145092
2019,59,McKinley Park,median time,3.00875
2019,60,Bridgeport,calls,738
2019,60,Bridgeport,calls per capita,0.02223829325619237
2019,60,Bridgeport,mean time,3.5546981017263874
2019,60,Bridgeport,median time,3.04818287037037
2019,61,New City,calls,776
2019,61,New City,calls per capita,0.018940226013521758
2019,61,New City,mean time,4.42423133829706
2019,61,New City,median time,3.7451273148148148
2019,62,West Elsdon,calls,186
2019,62,West Elsdon,calls per capita,0.010127409343351846
2019,62,West Elsdon,mean time,4.2799947107726
2019,62,West Elsdon,median time,3.8933333333333335
2019,63,Gage Park,calls,430
2019,63,Gage Park,calls per capita,0.012360584109463033
2019,63,Gage Park,mean time,3.6805690406976743
2019,63,Gage Park,median time,3.028744212962963
2019,64,Clearing,calls,1727
2019,64,Clearing,calls per capita,0.06983985765124555
2019,64,Clearing,mean time,4.1448892387248275
2019,64,Clearing,median time,3.887835648148148
2019,65,West Lawn,calls,367
2019,65,West Lawn,calls per capita,0.01125974105663619
2019,65,West Lawn,mean time,3.9523285964779493
2019,65,West Lawn,median time,3.290347222222222
2019,66,Chicago Lawn,calls,680
2019,66,Chicago Lawn,calls per capita,0.01296126867947545
2019,66,Chicago Lawn,mean time,3.6632087588507627
2019,66,Chicago Lawn,median time,3.1818692129629627
2019,67,West Englewood,calls,1131
2019,67,West Englewood,calls per capita,0.0438848362564023
2019,67,West Englewood,mean time,4.204314315420637
2019,67,West Englewood,median time,3.6248263888888888
2019,68,Englewood,calls,650
2019,68,Englewood,calls per capita,0.03040508934418561
2019,68,Englewood,mean time,3.6458235576923075
2019,68,Englewood,median time,3.11056712962963
2019,69,Greater Grand Crossing,calls,412
2019,69,Greater Grand Crossing,calls per capita,0.014211306957331585
2019,69,Greater Grand Crossing,mean time,3.919925976492269
2019,69,Greater Grand Crossing,median time,3.5589293981481482
2019,70,Ashburn,calls,776
2019,70,Ashburn,calls per capita,0.01815417007837174
2019,70,Ashburn,mean time,3.2800541863545245
2019,70,Ashburn,median time,2.9797974537037035
2019,71,Auburn Gresham,calls,904
2019,71,Auburn Gresham,calls per capita,0.019454248084703453
2019,71,Auburn Gresham,mean time,3.591257310615372
2019,71,Auburn Gresham,median time,3.0849826388888886
2019,72,Beverly,calls,92
2019,72,Beverly,calls per capita,0.004650927657853496
2019,72,Beverly,mean time,2.9873827495974234
2019,72,Beverly,median time,2.4246296296296297
2019,73,Washington Heights,calls,418
2019,73,Washington Heights,calls per capita,0.015799818566676747
2019,73,Washington Heights,mean time,3.697415188064859
2019,73,Washington Heights,median time,3.141140046296296
2019,74,Mount Greenwood,calls,295
2019,74,Mount Greenwood,calls per capita,0.015428063385806181
2019,74,Mount Greenwood,mean time,3.248685852165725
2019,74,Mount Greenwood,median time,2.923449074074074
2019,75,Morgan Park,calls,286
2019,75,Morgan Park,calls per capita,0.013800424628450107
2019,75,Morgan Park,mean time,4.170762027324527
2019,75,Morgan Park,median time,3.377366898148148
2019,76,O'Hare,calls,2
2019,76,O'Hare,calls per capita,0.00014905351021016544
2019,76,O'Hare,mean time,4.861545138888889
2019,76,O'Hare,median time,4.861545138888889
2019,77,Edgewater,calls,582
2019,77,Edgewater,calls per capita,0.010374516479794649
2019,77,Edgewater,mean time,2.9907885683148785
2019,77,Edgewater,median time,2.3045023148148145
2020,0,Unlabeled,calls,73
2020,0,Unlabeled,calls per capita,-73.0
2020,0,Unlabeled,mean time,7.288671042617961
2020,0,Unlabeled,median time,6.77119212962963
2020,1,Rogers Park,calls,1008
2020,1,Rogers Park,calls per capita,0.018093374737484517
2020,1,Rogers Park,mean time,5.872673415913433
2020,1,Rogers Park,median time,4.44620949074074
2020,2,West Ridge,calls,1526
2020,2,West Ridge,calls per capita,0.019251876616413297
2020,2,West Ridge,mean time,6.083179176678317
2020,2,West Ridge,median time,6.548940972222223
2020,3,Uptown,calls,538
2020,3,Uptown,calls per capita,0.009362383405262424
2020,3,Uptown,mean time,5.932227729588324
2020,3,Uptown,median time,4.998946759259259
2020,4,Lincoln Square,calls,834
2020,4,Lincoln Square,calls per capita,0.019729838423505477
2020,4,Lincoln Square,mean time,6.664474115152323
2020,4,Lincoln Square,median time,6.774496527777778
2020,5,North Center,calls,985
2020,5,North Center,calls per capita,0.027503211034790864
2020,5,North Center,mean time,7.102419369242339
2020,5,North Center,median time,7.8525578703703705
2020,6,Lake View,calls,2189
2020,6,Lake View,calls per capita,0.021515839550221644
2020,6,Lake View,mean time,5.623105521293335
2020,6,Lake View,median time,4.6569212962962965
2020,7,Lincoln Park,calls,998
2020,7,Lincoln Park,calls per capita,0.014443045485462887
2020,7,Lincoln Park,mean time,5.234458709084836
2020,7,Lincoln Park,median time,4.135561342592593
2020,8,Near North Side,calls,402
2020,8,Near North Side,calls per capita,0.003972018022290728
2020,8,Near North Side,mean time,5.447170282845034
2020,8,Near North Side,median time,4.088917824074074
2020,9,Edison Park,calls,48
2020,9,Edison Park,calls per capita,0.004209787756533942
2020,9,Edison Park,mean time,5.939794560185185
2020,9,Edison Park,median time,6.118611111111111
2020,10,Norwood Park,calls,839
2020,10,Norwood Park,calls per capita,0.02116495547539164
2020,10,Norwood Park,mean time,5.954117363042423
2020,10,Norwood Park,median time,5.243784722222222
2020,11,Jefferson Park,calls,1300
2020,11,Jefferson Park,calls per capita,0.04809115122817401
2020,11,Jefferson Park,mean time,7.524520557336182
2020,11,Jefferson Park,median time,8.14146412037037
2020,12,Forest Glen,calls,421
2020,12,Forest Glen,calls per capita,0.021203727020901536
2020,12,Forest Glen,mean time,6.512025243028064
2020,12,Forest Glen,median time,6.747326388888889
2020,13,North Park,calls,257
2020,13,North Park,calls per capita,0.013248788534900505
2020,13,North Park,mean time,6.11999184860931
2020,13,North Park,median time,6.111851851851852
2020,14,Albany Park,calls,791
2020,14,Albany Park,calls per capita,0.01659568218534293
2020,14,Albany Park,mean time,5.991911799995318
2020,14,Albany Park,median time,5.862268518518518
2020,15,Portage Park,calls,2247
2020,15,Portage Park,calls per capita,0.03499291420740348
2020,15,Portage Park,mean time,6.7314170334108026
2020,15,Portage Park,median time,6.020868055555556
2020,16,Irving Park,calls,1559
2020,16,Irving Park,calls per capita,0.02909450582263362
2020,16,Irving Park,mean time,5.9632901922528685
2020,16,Irving Park,median time,5.615127314814814
2020,17,Dunning,calls,1106
2020,17,Dunning,calls per capita,0.025978296612956264
2020,17,Dunning,mean time,6.431661005207287
2020,17,Dunning,median time,5.385075231481482
2020,18,Montclare,calls,217
2020,18,Montclare,calls per capita,0.015764620414093718
2020,18,Montclare,mean time,5.8312206114524665
2020,18,Montclare,median time,4.758090277777778
2020,19,Belmont Cragin,calls,1797
2020,19,Belmont Cragin,calls per capita,0.024286737576191698
2020,19,Belmont Cragin,mean time,6.67978685540716
2020,19,Belmont Cragin,median time,5.601076388888889
2020,20,Hermosa,calls,541
2020,20,Hermosa,calls per capita,0.02336226626937859
2020,20,Hermosa,mean time,6.007263533750941
2020,20,Hermosa,median time,5.08818287037037
2020,21,Avondale,calls,827
2020,21,Avondale,calls per capita,0.022736020234233243
2020,21,Avondale,mean time,6.057272787070626
2020,21,Avondale,median time,5.637719907407408
2020,22,Logan Square,calls,2183
2020,22,Logan Square,calls per capita,0.030637736484589905
2020,22,Logan Square,mean time,6.50653417718566
2020,22,Logan Square,median time,6.039710648148148
2020,23,Humboldt Park,calls,1346
2020,23,Humboldt Park,calls per capita,0.024289014003175978
2020,23,Humboldt Park,mean time,6.885986823097243
2020,23,Humboldt Park,median time,6.771238425925926
2020,24,West Town,calls,3063
2020,24,West Town,calls per capita,0.0354177747970676
2020,24,West Town,mean time,6.658666857867499
2020,24,West Town,median time,6.348865740740741
2020,25,Austin,calls,1634
2020,25,Austin,calls per capita,0.016320415501398323
2020,25,Austin,mean time,6.618459592739924
2020,25,Austin,median time,6.095121527777778
2020,26,West Garfield Park,calls,352
2020,26,West Garfield Park,calls per capita,0.021497496030291927
2020,26,West Garfield Park,mean time,8.385210832281144
2020,26,West Garfield Park,median time,8.221996527777778
2020,27,East Garfield Park,calls,726
2020,27,East Garfield Park,calls per capita,0.036480578865383646
2020,27,East Garfield Park,mean time,7.614937793337415
2020,27,East Garfield Park,median time,7.234907407407407
2020,28,Near West Side,calls,676
2020,28,Near West Side,calls per capita,0.010307863558042725
2020,28,Near West Side,mean time,6.747247818732194
2020,28,Near West Side,median time,5.808032407407407
2020,29,North Lawndale,calls,859
2020,29,North Lawndale,calls per capita,0.02824821598868756
2020,29,North Lawndale,mean time,7.408893038847928
2020,29,North Lawndale,median time,6.338125
2020,30,South Lawndale,calls,1204
2020,30,South Lawndale,calls per capita,0.017272049119182876
2020,30,South Lawndale,mean time,5.997296252076412
2020,30,South Lawndale,median time,4.983842592592593
2020,31,Lower West Side,calls,527
2020,31,Lower West Side,calls per capita,0.015392703799982475
2020,31,Lower West Side,mean time,6.320942792887765
2020,31,Lower West Side,median time,5.682025462962963
2020,32,Loop,calls,99
2020,32,Loop,calls per capita,0.0023757529216961435
2020,32,Loop,mean time,3.709562406472129
2020,32,Loop,median time,2.7808217592592595
2020,33,Near South Side,calls,91
2020,33,Near South Side,calls per capita,0.0032251204990076552
2020,33,Near South Side,mean time,6.372637744200245
2020,33,Near South Side,median time,5.352986111111111
2020,34,Armour Square,calls,400
2020,34,Armour Square,calls per capita,0.03023888720895071
2020,34,Armour Square,mean time,5.828663715277778
2020,34,Armour Square,median time,5.700538194444444
2020,35,Douglas,calls,84
2020,35,Douglas,calls per capita,0.0039335050339498944
2020,35,Douglas,mean time,5.164849261463845
2020,35,Douglas,median time,4.0335474537037035
2020,36,Oakland,calls,24
2020,36,Oakland,calls per capita,0.003439873871291386
2020,36,Oakland,mean time,7.046377797067901
2020,36,Oakland,median time,4.617002314814815
2020,37,Fuller Park,calls,124
2020,37,Fuller Park,calls per capita,0.0558810274898603
2020,37,Fuller Park,mean time,5.339625056003584
2020,37,Fuller Park,median time,4.1874363425925925
2020,38,Grand Boulevard,calls,422
2020,38,Grand Boulevard,calls per capita,0.01700721396042397
2020,38,Grand Boulevard,mean time,5.859077721827277
2020,38,Grand Boulevard,median time,4.96458912037037
2020,39,Kenwood,calls,165
2020,39,Kenwood,calls per capita,0.008853356226860546
2020,39,Kenwood,mean time,6.23916813973064
2020,39,Kenwood,median time,6.396840277777778
2020,40,Washington Park,calls,142
2020,40,Washington Park,calls per capita,0.011483098819343361
2020,40,Washington Park,mean time,5.364613165101721
2020,40,Washington Park,median time,4.039826388888889
2020,41,Hyde Park,calls,204
2020,41,Hyde Park,calls per capita,0.006901451334618898
2020,41,Hyde Park,mean time,5.765997866739288
2020,41,Hyde Park,median time,4.974045138888889
2020,42,Woodlawn,calls,178
2020,42,Woodlawn,calls per capita,0.007458621412109784
2020,42,Woodlawn,mean time,6.4525042915106114
2020,42,Woodlawn,median time,5.274699074074074
2020,43,South Shore,calls,372
2020,43,South Shore,calls per capita,0.006672167019406679
2020,43,South Shore,mean time,7.013872150039825
2020,43,South Shore,median time,6.270775462962963
2020,44,Chatham,calls,316
2020,44,Chatham,calls per capita,0.010069466573194826
2020,44,Chatham,mean time,7.372801621835443
2020,44,Chatham,median time,7.196423611111111
2020,45,Avalon Park,calls,114
2020,45,Avalon Park,calls per capita,0.011867582760774516
2020,45,Avalon Park,mean time,7.618003878330084
2020,45,Avalon Park,median time,7.783836805555556
2020,46,South Chicago,calls,313
2020,46,South Chicago,calls per capita,0.0103249216559459
2020,46,South Chicago,mean time,6.511684342089693
2020,46,South Chicago,median time,5.657905092592593
2020,47,Burnside,calls,25
2020,47,Burnside,calls per capita,0.011130899376669634
2020,47,Burnside,mean time,8.362045370370371
2020,47,Burnside,median time,7.637685185185185
2020,48,Calumet Heights,calls,151
2020,48,Calumet Heights,calls per capita,0.011790427110174124
2020,48,Calumet Heights,mean time,7.013708609271523
2020,48,Calumet Heights,median time,6.227488425925926
2020,49,Roseland,calls,1038
2020,49,Roseland,calls per capita,0.02759904280776389
2020,49,Roseland,mean time,6.508516121191037
2020,49,Roseland,median time,5.599722222222223
2020,50,Pullman,calls,69
2020,50,Pullman,calls per capita,0.010064177362893816
2020,50,Pullman,mean time,6.409461050724638
2020,50,Pullman,median time,5.954849537037037
2020,51,South Deering,calls,143
2020,51,South Deering,calls per capita,0.009396766986463398
2020,51,South Deering,mean time,6.60069055944056
2020,51,South Deering,median time,6.1320601851851855
2020,52,East Side,calls,56
2020,52,East Side,calls per capita,0.002346041055718475
2020,52,East Side,mean time,6.878426545965609
2020,52,East Side,median time,6.569270833333333
2020,53,West Pullman,calls,1080
2020,53,West Pullman,calls per capita,0.04243781681009077
2020,53,West Pullman,mean time,5.336168424211248
2020,53,West Pullman,median time,3.3628761574074075
2020,54,Riverdale,calls,13
2020,54,Riverdale,calls per capita,0.0016630420877574517
2020,54,Riverdale,mean time,7.256775284900285
2020,54,Riverdale,median time,5.862627314814815
2020,55,Hegewisch,calls,48
2020,55,Hegewisch,calls per capita,0.0052764647686050345
2020,55,Hegewisch,mean time,5.893245804398148
2020,55,Hegewisch,median time,4.061579861111111
2020,56,Garfield Ridge,calls,1295
2020,56,Garfield Ridge,calls per capita,0.03557594571577704
2020,56,Garfield Ridge,mean time,6.804668615043615
2020,56,Garfield Ridge,median time,6.814722222222223
2020,57,Archer Heights,calls,263
2020,57,Archer Heights,calls per capita,0.018965890243023004
2020,57,Archer Heights,mean time,6.5653190131671595
2020,57,Archer Heights,median time,6.046076388888889
2020,58,Brighton Park,calls,682
2020,58,Brighton Park,calls per capita,0.016144686693653387
2020,58,Brighton Park,mean time,6.767843505620723
2020,58,Brighton Park,median time,6.264172453703704
2020,59,McKinley Park,calls,240
2020,59,McKinley Park,calls per capita,0.015504877576070806
2020,59,McKinley Park,mean time,6.549173755787037
2020,59,McKinley Park,median time,5.905567129629629
2020,60,Bridgeport,calls,1239
2020,60,Bridgeport,calls per capita,0.0373350207919002
2020,60,Bridgeport,mean time,6.967075589259558
2020,60,Bridgeport,median time,7.122199074074074
2020,61,New City,calls,863
2020,61,New City,calls per capita,0.02106367918771814
2020,61,New City,mean time,7.199952603965495
2020,61,New City,median time,6.454988425925926
2020,62,West Elsdon,calls,264
2020,62,West Elsdon,calls per capita,0.014374387455080039
2020,62,West Elsdon,mean time,7.111036756453423
2020,62,West Elsdon,median time,7.079317129629629
2020,63,Gage Park,calls,580
2020,63,Gage Park,calls per capita,0.01667241577555479
2020,63,Gage Park,mean time,6.998090098180077
2020,63,Gage Park,median time,6.107858796296297
2020,64,Clearing,calls,1829
2020,64,Clearing,calls per capita,0.07396473633128438
2020,64,Clearing,mean time,6.729284229896928
2020,64,Clearing,median time,6.346145833333333
2020,65,West Lawn,calls,433
2020,65,West Lawn,calls per capita,0.013284653617230165
2020,65,West Lawn,mean time,7.797835220468737
2020,65,West Lawn,median time,8.278819444444444
2020,66,Chicago Lawn,calls,863
2020,66,Chicago Lawn,calls per capita,0.016449374809393107
2020,66,Chicago Lawn,mean time,6.931405961654006
2020,66,Chicago Lawn,median time,6.467777777777778
2020,67,West Englewood,calls,1285
2020,67,West Englewood,calls per capita,0.049860313518547264
2020,67,West Englewood,mean time,8.285556888600663
2020,67,West Englewood,median time,7.583078703703704
2020,68,Englewood,calls,832
2020,68,Englewood,calls per capita,0.038918514360557585
2020,68,Englewood,mean time,6.806529808805199
2020,68,Englewood,median time,5.971174768518519
2020,69,Greater Grand Crossing,calls,497
2020,69,Greater Grand Crossing,calls per capita,0.017143251353868443
2020,69,Greater Grand Crossing,mean time,6.783778155041359
2020,69,Greater Grand Crossing,median time,6.041701388888889
2020,70,Ashburn,calls,928
2020,70,Ashburn,calls per capita,0.021710141537021874
2020,70,Ashburn,mean time,6.735260903077108
2020,70,Ashburn,median time,6.610023148148148
2020,71,Auburn Gresham,calls,1242
2020,71,Auburn Gresham,calls per capita,0.02672807093053284
2020,71,Auburn Gresham,mean time,7.362493625872249
2020,71,Auburn Gresham,median time,7.1697395833333335
2020,72,Beverly,calls,135
2020,72,Beverly,calls per capita,0.006824730802285021
2020,72,Beverly,mean time,5.751882287379972
2020,72,Beverly,median time,5.862256944444445
2020,73,Washington Heights,calls,428
2020,73,Washington Heights,calls per capita,0.01617780465678863
2020,73,Washington Heights,mean time,7.45371076172551
2020,73,Washington Heights,median time,7.00021412037037
2020,74,Mount Greenwood,calls,389
2020,74,Mount Greenwood,calls per capita,0.020344124261283406
2020,74,Mount Greenwood,mean time,5.523468681567171
2020,74,Mount Greenwood,median time,5.364965277777777
2020,75,Morgan Park,calls,408
2020,75,Morgan Park,calls per capita,0.019687319050376375
2020,75,Morgan Park,mean time,5.211402335239652
2020,75,Morgan Park,median time,4.3052372685185185
2020,76,O'Hare,calls,7
2020,76,O'Hare,calls per capita,0.000521687285735579
2020,76,O'Hare,mean time,5.045767195767196
2020,76,O'Hare,median time,3.280497685185185
2020,77,Edgewater,calls,614
2020,77,Edgewater,calls per capita,0.010944936629886451
2020,77,Edgewater,mean time,5.979631194203161
2020,77,Edgewater,median time,5.394901620370371
2021,0,Unlabeled,calls,64
2021,0,Unlabeled,calls per capita,-64.0
2021,0,Unlabeled,mean time,15.907250795717593
2021,0,Unlabeled,median time,13.478605324074074
2021,1,Rogers Park,calls,1110
2021,1,Rogers Park,calls per capita,0.01992425194306331
2021,1,Rogers Park,mean time,9.473095157657658
2021,1,Rogers Park,median time,8.066666666666666
2021,2,West Ridge,calls,1702
2021,2,West Ridge,calls per capita,0.021472276540717844
2021,2,West Ridge,mean time,9.358770074422248
2021,2,West Ridge,median time,7.766666666666667
2021,3,Uptown,calls,680
2021,3,Uptown,calls per capita,0.011833495753863289
2021,3,Uptown,mean time,8.966864872685186
2021,3,Uptown,median time,5.193859953703703
2021,4,Lincoln Square,calls,916
2021,4,Lincoln Square,calls per capita,0.021669702633010813
2021,4,Lincoln Square,mean time,11.278743657003073
2021,4,Lincoln Square,median time,9.83908564814815
2021,5,North Center,calls,1167
2021,5,North Center,calls per capita,0.03258502261685375
2021,5,North Center,mean time,12.146340589196738
2021,5,North Center,median time,10.828784722222222
2021,6,Lake View,calls,2470
2021,6,Lake View,calls per capita,0.024277808903173808
2021,6,Lake View,mean time,11.116046080746738
2021,6,Lake View,median time,10.07509837962963
2021,7,Lincoln Park,calls,1137
2021,7,Lincoln Park,calls per capita,0.01645465202101333
2021,7,Lincoln Park,mean time,9.64288570067429
2021,7,Lincoln Park,median time,6.972858796296296
2021,8,Near North Side,calls,561
2021,8,Near North Side,calls per capita,0.005543040075883329
2021,8,Near North Side,mean time,10.144555584439162
2021,8,Near North Side,median time,7.600636574074074
2021,9,Edison Park,calls,122
2021,9,Edison Park,calls per capita,0.010699877214523769
2021,9,Edison Park,mean time,10.628276791135397
2021,9,Edison Park,median time,11.030104166666668
2021,10,Norwood Park,calls,1124
2021,10,Norwood Park,calls per capita,0.028354481471204056
2021,10,Norwood Park,mean time,11.0834265643535
2021,10,Norwood Park,median time,10.027152777777777
2021,11,Jefferson Park,calls,1261
2021,11,Jefferson Park,calls per capita,0.0466484166913288
2021,11,Jefferson Park,mean time,12.533240474564572
2021,11,Jefferson Park,median time,11.418969907407407
2021,12,Forest Glen,calls,562
2021,12,Forest Glen,calls per capita,0.02830521279274742
2021,12,Forest Glen,mean time,10.608233470904178
2021,12,Forest Glen,median time,10.030717592592593
2021,13,North Park,calls,251
2021,13,North Park,calls per capita,0.012939478296731621
2021,13,North Park,mean time,9.935799441124392
2021,13,North Park,median time,8.615162037037036
2021,14,Albany Park,calls,824
2021,14,Albany Park,calls per capita,0.017288043136185302
2021,14,Albany Park,mean time,10.657010545891765
2021,14,Albany Park,median time,8.138090277777778
2021,15,Portage Park,calls,2535
2021,15,Portage Park,calls per capita,0.03947798732343918
2021,15,Portage Park,mean time,11.76687290433925
2021,15,Portage Park,median time,10.307083333333333
2021,16,Irving Park,calls,2006
2021,16,Irving Park,calls per capita,0.037436548223350255
2021,16,Irving Park,mean time,11.730046925196632
2021,16,Irving Park,median time,10.559050925925927
2021,17,Dunning,calls,1193
2021,17,Dunning,calls per capita,0.0280217973411002
2021,17,Dunning,mean time,11.3627257575052
2021,17,Dunning,median time,9.191782407407407
2021,18,Montclare,calls,227
2021,18,Montclare,calls per capita,0.01649110061750817
2021,18,Montclare,mean time,10.907579590879426
2021,18,Montclare,median time,9.133935185185186
2021,19,Belmont Cragin,calls,1928
2021,19,Belmont Cragin,calls per capita,0.02605722317579165
2021,19,Belmont Cragin,mean time,11.401401699611956
2021,19,Belmont Cragin,median time,11.665734953703703
2021,20,Hermosa,calls,576
2021,20,Hermosa,calls per capita,0.02487368830159347
2021,20,Hermosa,mean time,10.879790822723766
2021,20,Hermosa,median time,10.783854166666666
2021,21,Avondale,calls,1042
2021,21,Avondale,calls per capita,0.028646835651839227
2021,21,Avondale,mean time,12.073166320110898
2021,21,Avondale,median time,11.381527777777777
2021,22,Logan Square,calls,2464
2021,22,Logan Square,calls per capita,0.03458148543198787
2021,22,Logan Square,mean time,11.505928208799302
2021,22,Logan Square,median time,10.956440972222222
2021,23,Humboldt Park,calls,1675
2021,23,Humboldt Park,calls per capita,0.030225927529955246
2021,23,Humboldt Park,mean time,11.537693456329464
2021,23,Humboldt Park,median time,10.607129629629629
2021,24,West Town,calls,3636
2021,24,West Town,calls per capita,0.04204343100298328
2021,24,West Town,mean time,11.764410693094772
2021,24,West Town,median time,11.940920138888888
2021,25,Austin,calls,1999
2021,25,Austin,calls per capita,0.01996604075109868
2021,25,Austin,mean time,11.603115591360496
2021,25,Austin,median time,10.045775462962963
2021,26,West Garfield Park,calls,407
2021,26,West Garfield Park,calls per capita,0.02485647978502504
2021,26,West Garfield Park,mean time,15.264437704750204
2021,26,West Garfield Park,median time,17.550636574074073
2021,27,East Garfield Park,calls,992
2021,27,East Garfield Park,calls per capita,0.049846741369780415
2021,27,East Garfield Park,mean time,11.951165481257467
2021,27,East Garfield Park,median time,8.416770833333334
2021,28,Near West Side,calls,1016
2021,28,Near West Side,calls per capita,0.015492291974809778
2021,28,Near West Side,mean time,12.920792459536308
2021,28,Near West Side,median time,11.947094907407408
2021,29,North Lawndale,calls,1209
2021,29,North Lawndale,calls per capita,0.03975796639152882
2021,29,North Lawndale,mean time,14.796655475523083
2021,29,North Lawndale,median time,15.076712962962963
2021,30,South Lawndale,calls,1382
2021,30,South Lawndale,calls per capita,0.019825558042118552
2021,30,South Lawndale,mean time,10.794281528045774
2021,30,South Lawndale,median time,9.432760416666667
2021,31,Lower West Side,calls,778
2021,31,Lower West Side,calls per capita,0.022723953617431434
2021,31,Lower West Side,mean time,11.981839920736933
2021,31,Lower West Side,median time,11.091666666666667
2021,32,Loop,calls,168
2021,32,Loop,calls per capita,0.004031580715605577
2021,32,Loop,mean time,7.12758487654321
2021,32,Loop,median time,3.9018287037037034
2021,33,Near South Side,calls,93
2021,33,Near South Side,calls per capita,0.003296002268216615
2021,33,Near South Side,mean time,11.930760030864198
2021,33,Near South Side,median time,14.998715277777778
2021,34,Armour Square,calls,323
2021,34,Armour Square,calls per capita,0.024417901421227697
2021,34,Armour Square,mean time,10.924821085597982
2021,34,Armour Square,median time,8.941666666666666
2021,35,Douglas,calls,40
2021,35,Douglas,calls per capita,0.0018730976352142356
2021,35,Douglas,mean time,9.773354166666667
2021,35,Douglas,median time,8.646695601851851
2021,36,Oakland,calls,50
2021,36,Oakland,calls per capita,0.007166403898523721
2021,36,Oakland,mean time,12.617701851851852
2021,36,Oakland,median time,13.348975694444444
2021,37,Fuller Park,calls,197
2021,37,Fuller Park,calls per capita,0.08877872915727805
2021,37,Fuller Park,mean time,9.539280703609702
2021,37,Fuller Park,median time,6.975428240740741
2021,38,Grand Boulevard,calls,677
2021,38,Grand Boulevard,calls per capita,0.027284084955466893
2021,38,Grand Boulevard,mean time,9.642079486706056
2021,38,Grand Boulevard,median time,8.044189814814814
2021,39,Kenwood,calls,354
2021,39,Kenwood,calls per capita,0.018994473359446262
2021,39,Kenwood,mean time,9.04926442508893
2021,39,Kenwood,median time,7.558315972222223
2021,40,Washington Park,calls,242
2021,40,Washington Park,calls per capita,0.019569788128740093
2021,40,Washington Park,mean time,7.431639740205081
2021,40,Washington Park,median time,4.348315972222222
2021,41,Hyde Park,calls,328
2021,41,Hyde Park,calls per capita,0.01109645116546568
2021,41,Hyde Park,mean time,9.20643476174345
2021,41,Hyde Park,median time,8.414641203703704
2021,42,Woodlawn,calls,229
2021,42,Woodlawn,calls per capita,0.009595642153781688
2021,42,Woodlawn,mean time,10.37418966318939
2021,42,Woodlawn,median time,9.181782407407407
2021,43,South Shore,calls,405
2021,43,South Shore,calls per capita,0.0072640528033863045
2021,43,South Shore,mean time,10.517367226794695
2021,43,South Shore,median time,8.742118055555556
2021,44,Chatham,calls,402
2021,44,Chatham,calls per capita,0.012809891020330125
2021,44,Chatham,mean time,12.128155576285241
2021,44,Chatham,median time,12.994195601851853
2021,45,Avalon Park,calls,109
2021,45,Avalon Park,calls per capita,0.011347074744951072
2021,45,Avalon Park,mean time,12.37559887869521
2021,45,Avalon Park,median time,13.621875
2021,46,South Chicago,calls,417
2021,46,South Chicago,calls per capita,0.01375556655121227
2021,46,South Chicago,mean time,9.751755623279154
2021,46,South Chicago,median time,7.75224537037037
2021,47,Burnside,calls,47
2021,47,Burnside,calls per capita,0.020926090828138913
2021,47,Burnside,mean time,12.237633471237194
2021,47,Burnside,median time,13.472465277777777
2021,48,Calumet Heights,calls,201
2021,48,Calumet Heights,calls per capita,0.015694542047317874
2021,48,Calumet Heights,mean time,10.619831340980284
2021,48,Calumet Heights,median time,8.509976851851851
2021,49,Roseland,calls,1588
2021,49,Roseland,calls per capita,0.042222813081627224
2021,49,Roseland,mean time,10.116111052803433
2021,49,Roseland,median time,7.8730266203703705
2021,50,Pullman,calls,67
2021,50,Pullman,calls per capita,0.009772462077012836
2021,50,Pullman,mean time,11.324367399115534
2021,50,Pullman,median time,11.00525462962963
2021,51,South Deering,calls,164
2021,51,South Deering,calls per capita,0.01077671178867131
2021,51,South Deering,mean time,10.291940421747967
2021,51,South Deering,median time,8.725243055555556
2021,52,East Side,calls,108
2021,52,East Side,calls per capita,0.004524507750314202
2021,52,East Side,mean time,9.53229059499314
2021,52,East Side,median time,7.549340277777778
2021,53,West Pullman,calls,1178
2021,53,West Pullman,calls per capita,0.046288655742858266
2021,53,West Pullman,mean time,10.22046554698799
2021,53,West Pullman,median time,7.663732638888889
2021,54,Riverdale,calls,9
2021,54,Riverdale,calls per capita,0.001151336829985928
2021,54,Riverdale,mean time,8.387732767489712
2021,54,Riverdale,median time,7.69181712962963
2021,55,Hegewisch,calls,33
2021,55,Hegewisch,calls per capita,0.0036275695284159614
2021,55,Hegewisch,mean time,7.697165053310886
2021,55,Hegewisch,median time,7.010034722222223
2021,56,Garfield Ridge,calls,1648
2021,56,Garfield Ridge,calls per capita,0.04527348149776105
2021,56,Garfield Ridge,mean time,14.000350775912441
2021,56,Garfield Ridge,median time,14.321521990740742
2021,57,Archer Heights,calls,395
2021,57,Archer Heights,calls per capita,0.028484892190091583
2021,57,Archer Heights,mean time,12.809692451945617
2021,57,Archer Heights,median time,10.342534722222222
2021,58,Brighton Park,calls,876
2021,58,Brighton Park,calls per capita,0.020737163553724878
2021,58,Brighton Park,mean time,10.233442071495011
2021,58,Brighton Park,median time,6.776689814814814
2021,59,McKinley Park,calls,314
2021,59,McKinley Park,calls per capita,0.02028554816202597
2021,59,McKinley Park,mean time,9.719793251651334
2021,59,McKinley Park,median time,8.862644675925925
2021,60,Bridgeport,calls,1722
2021,60,Bridgeport,calls per capita,0.05188935093111553
2021,60,Bridgeport,mean time,11.081722117369983
2021,60,Bridgeport,median time,10.691892361111112
2021,61,New City,calls,1309
2021,61,New City,calls per capita,0.031949427643943276
2021,61,New City,mean time,10.734773867880486
2021,61,New City,median time,9.003622685185185
2021,62,West Elsdon,calls,566
2021,62,West Elsdon,calls per capita,0.030817815528694326
2021,62,West Elsdon,mean time,15.210678719244862
2021,62,West Elsdon,median time,16.537251157407407
2021,63,Gage Park,calls,756
2021,63,Gage Park,calls per capita,0.02173163159710245
2021,63,Gage Park,mean time,11.851666681976289
2021,63,Gage Park,median time,11.006070601851853
2021,64,Clearing,calls,2353
2021,64,Clearing,calls per capita,0.09515528955030735
2021,64,Clearing,mean time,14.665328220671798
2021,64,Clearing,median time,14.419513888888888
2021,65,West Lawn,calls,675
2021,65,West Lawn,calls per capita,0.020709333006074738
2021,65,West Lawn,mean time,16.042435528120713
2021,65,West Lawn,median time,19.233715277777776
2021,66,Chicago Lawn,calls,1217
2021,66,Chicago Lawn,calls per capita,0.02319685879841415
2021,66,Chicago Lawn,mean time,12.710341040506407
2021,66,Chicago Lawn,median time,13.032337962962963
2021,67,West Englewood,calls,1681
2021,67,West Englewood,calls per capita,0.0652258264783486
2021,67,West Englewood,mean time,11.48306542209223
2021,67,West Englewood,median time,7.049409722222222
2021,68,Englewood,calls,1082
2021,68,Englewood,calls per capita,0.05061277949293667
2021,68,Englewood,mean time,10.569750226774834
2021,68,Englewood,median time,9.037818287037037
2021,69,Greater Grand Crossing,calls,564
2021,69,Greater Grand Crossing,calls per capita,0.01945431340760926
2021,69,Greater Grand Crossing,mean time,11.677908827488837
2021,69,Greater Grand Crossing,median time,13.070636574074074
2021,70,Ashburn,calls,810
2021,70,Ashburn,calls per capita,0.018949584746754008
2021,70,Ashburn,mean time,11.35348016689529
2021,70,Ashburn,median time,9.932008101851853
2021,71,Auburn Gresham,calls,1325
2021,71,Auburn Gresham,calls per capita,0.028514246363088577
2021,71,Auburn Gresham,mean time,11.663846235150245
2021,71,Auburn Gresham,median time,9.287766203703704
2021,72,Beverly,calls,173
2021,72,Beverly,calls per capita,0.008745766139224509
2021,72,Beverly,mean time,11.004299400556626
2021,72,Beverly,median time,11.097789351851851
2021,73,Washington Heights,calls,553
2021,73,Washington Heights,calls per capita,0.02090263078318718
2021,73,Washington Heights,mean time,13.195503252461322
2021,73,Washington Heights,median time,14.854074074074074
2021,74,Mount Greenwood,calls,458
2021,74,Mount Greenwood,calls per capita,0.023952722137963494
2021,74,Mount Greenwood,mean time,10.248315997493126
2021,74,Mount Greenwood,median time,8.706626157407408
2021,75,Morgan Park,calls,329
2021,75,Morgan Park,calls per capita,0.015875313646014282
2021,75,Morgan Park,mean time,11.616018096363842
2021,75,Morgan Park,median time,9.826701388888889
2021,76,O'Hare,calls,27
2021,76,O'Hare,calls per capita,0.0020122223878372334
2021,76,O'Hare,mean time,7.724196244855968
2021,76,O'Hare,median time,7.756296296296297
2021,77,Edgewater,calls,616
2021,77,Edgewater,calls per capita,0.010980587889267188
2021,77,Edgewater,mean time,8.700584979256854
2021,77,Edgewater,median time,6.0997511574074075
2022,0,Unlabeled,calls,65
2022,0,Unlabeled,calls per capita,-65.0
2022,0,Unlabeled,mean time,8.483920762108262
2022,0,Unlabeled,median time,5.114953703703704
2022,1,Rogers Park,calls,999
2022,1,Rogers Park,calls per capita,0.017931826748756978
2022,1,Rogers Park,mean time,6.698174239053869
2022,1,Rogers Park,median time,4.666620370370371
2022,2,West Ridge,calls,1320
2022,2,West Ridge,calls per capita,0.01665299943228411
2022,2,West Ridge,mean time,7.334697101220539
2022,2,West Ridge,median time,6.555081018518518
2022,3,Uptown,calls,659
2022,3,Uptown,calls per capita,0.011468049561464569
2022,3,Uptown,mean time,9.438442979683021
2022,3,Uptown,median time,7.303067129629629
2022,4,Lincoln Square,calls,714
2022,4,Lincoln Square,calls per capita,0.016891012751058646
2022,4,Lincoln Square,mean time,10.345294214908186
2022,4,Lincoln Square,median time,11.07880787037037
2022,5,North Center,calls,796
2022,5,North Center,calls per capita,0.02222594516111018
2022,5,North Center,mean time,9.126511492648428
2022,5,North Center,median time,8.073171296296296
2022,6,Lake View,calls,1921
2022,6,Lake View,calls per capita,0.018881648138865136
2022,6,Lake View,mean time,9.119241774635125
2022,6,Lake View,median time,8.485381944444445
2022,7,Lincoln Park,calls,1267
2022,7,Lincoln Park,calls per capita,0.018336010651384245
2022,7,Lincoln Park,mean time,8.682384314069397
2022,7,Lincoln Park,median time,8.0903125
2022,8,Near North Side,calls,571
2022,8,Near North Side,calls per capita,0.005641846494348273
2022,8,Near North Side,mean time,7.361706598235714
2022,8,Near North Side,median time,4.952847222222222
2022,9,Edison Park,calls,165
2022,9,Edison Park,calls per capita,0.014471145413085423
2022,9,Edison Park,mean time,9.116394079685746
2022,9,Edison Park,median time,10.083506944444444
2022,10,Norwood Park,calls,1011
2022,10,Norwood Park,calls per capita,0.02550389747988194
2022,10,Norwood Park,mean time,9.670266547148039
2022,10,Norwood Park,median time,10.105092592592593
2022,11,Jefferson Park,calls,902
2022,11,Jefferson Park,calls per capita,0.03336786031370228
2022,11,Jefferson Park,mean time,12.141389504804138
2022,11,Jefferson Park,median time,13.951846064814815
2022,12,Forest Glen,calls,337
2022,12,Forest Glen,calls per capita,0.01697305464618484
2022,12,Forest Glen,mean time,9.55064766732608
2022,12,Forest Glen,median time,9.7396875
2022,13,North Park,calls,248
2022,13,North Park,calls per capita,0.01278482317764718
2022,13,North Park,mean time,8.860213933691757
2022,13,North Park,median time,9.001562499999999
2022,14,Albany Park,calls,829
2022,14,Albany Park,calls per capita,0.01739294631055536
2022,14,Albany Park,mean time,9.152926328016799
2022,14,Albany Park,median time,8.179386574074075
2022,15,Portage Park,calls,1689
2022,15,Portage Park,calls per capita,0.02630308504508433
2022,15,Portage Park,mean time,10.622238421814354
2022,15,Portage Park,median time,10.996215277777777
2022,16,Irving Park,calls,1442
2022,16,Irving Park,calls per capita,0.026911018214392356
2022,16,Irving Park,mean time,10.14296253756357
2022,16,Irving Park,median time,10.594577546296296
2022,17,Dunning,calls,1231
2022,17,Dunning,calls per capita,0.02891436087753089
2022,17,Dunning,mean time,11.012890002106086
2022,17,Dunning,median time,12.681377314814815
2022,18,Montclare,calls,242
2022,18,Montclare,calls per capita,0.01758082092262986
2022,18,Montclare,mean time,8.808617041628406
2022,18,Montclare,median time,7.66722800925926
2022,19,Belmont Cragin,calls,1320
2022,19,Belmont Cragin,calls per capita,0.01784000756848806
2022,19,Belmont Cragin,mean time,8.756056371001684
2022,19,Belmont Cragin,median time,7.898425925925926
2022,20,Hermosa,calls,541
2022,20,Hermosa,calls per capita,0.02336226626937859
2022,20,Hermosa,mean time,8.66510957931129
2022,20,Hermosa,median time,7.181909722222223
2022,21,Avondale,calls,790
2022,21,Avondale,calls per capita,0.021718810139110353
2022,21,Avondale,mean time,9.73540466772152
2022,21,Avondale,median time,8.92134837962963
2022,22,Logan Square,calls,1668
2022,22,Logan Square,calls per capita,0.02340986919665413
2022,22,Logan Square,mean time,9.588570358990586
2022,22,Logan Square,median time,9.183703703703703
2022,23,Humboldt Park,calls,1103
2022,23,Humboldt Park,calls per capita,0.01990399884509889
2022,23,Humboldt Park,mean time,10.128770147073638
2022,23,Humboldt Park,median time,11.086909722222222
2022,24,West Town,calls,2624
2022,24,West Town,calls per capita,0.03034157396914965
2022,24,West Town,mean time,9.83812865659581
2022,24,West Town,median time,10.75046875
2022,25,Austin,calls,1481
2022,25,Austin,calls per capita,0.014792249300838993
2022,25,Austin,mean time,9.33604421436967
2022,25,Austin,median time,8.86138888888889
2022,26,West Garfield Park,calls,259
2022,26,West Garfield Park,calls per capita,0.015817759863197754
2022,26,West Garfield Park,mean time,10.541928267553267
2022,26,West Garfield Park,median time,12.191944444444445
2022,27,East Garfield Park,calls,529
2022,27,East Garfield Park,calls per capita,0.02658157881513492
2022,27,East Garfield Park,mean time,9.564985537877197
2022,27,East Garfield Park,median time,9.051030092592592
2022,28,Near West Side,calls,972
2022,28,Near West Side,calls per capita,0.014821365944404629
2022,28,Near West Side,mean time,9.729139291361834
2022,28,Near West Side,median time,10.100734953703704
2022,29,North Lawndale,calls,796
2022,29,North Lawndale,calls per capita,0.026176460916176134
2022,29,North Lawndale,mean time,9.908241569537502
2022,29,North Lawndale,median time,10.211070601851851
2022,30,South Lawndale,calls,1008
2022,30,South Lawndale,calls per capita,0.01446032019280427
2022,30,South Lawndale,mean time,8.640493253049677
2022,30,South Lawndale,median time,7.031070601851852
2022,31,Lower West Side,calls,626
2022,31,Lower West Side,calls per capita,0.018284312293717322
2022,31,Lower West Side,mean time,7.658026139658029
2022,31,Lower West Side,median time,5.610868055555556
2022,32,Loop,calls,182
2022,32,Loop,calls per capita,0.004367545775239375
2022,32,Loop,mean time,5.259801778083028
2022,32,Loop,median time,3.4783043981481483
2022,33,Near South Side,calls,96
2022,33,Near South Side,calls per capita,0.003402324922030054
2022,33,Near South Side,mean time,8.773263286072531
2022,33,Near South Side,median time,8.92957175925926
2022,34,Armour Square,calls,285
2022,34,Armour Square,calls per capita,0.021545207136377382
2022,34,Armour Square,mean time,9.062862816764133
2022,34,Armour Square,median time,7.675416666666667
2022,35,Douglas,calls,50
2022,35,Douglas,calls per capita,0.0023413720440177946
2022,35,Douglas,mean time,9.811227314814815
2022,35,Douglas,median time,9.453998842592593
2022,36,Oakland,calls,37
2022,36,Oakland,calls per capita,0.005303138884907553
2022,36,Oakland,mean time,6.626878440940941
2022,36,Oakland,median time,6.66943287037037
2022,37,Fuller Park,calls,204
2022,37,Fuller Park,calls per capita,0.09193330328977016
2022,37,Fuller Park,mean time,7.20725478848947
2022,37,Fuller Park,median time,6.141128472222222
2022,38,Grand Boulevard,calls,480
2022,38,Grand Boulevard,calls per capita,0.019344698343610203
2022,38,Grand Boulevard,mean time,8.18512839988426
2022,38,Grand Boulevard,median time,7.272627314814815
2022,39,Kenwood,calls,216
2022,39,Kenwood,calls per capita,0.011589848151526532
2022,39,Kenwood,mean time,7.492581447187929
2022,39,Kenwood,median time,6.981950231481481
2022,40,Washington Park,calls,155
2022,40,Washington Park,calls per capita,0.012534368429564936
2022,40,Washington Park,mean time,5.877393742532855
2022,40,Washington Park,median time,3.3785648148148146
2022,41,Hyde Park,calls,187
2022,41,Hyde Park,calls per capita,0.006326330390067323
2022,41,Hyde Park,mean time,7.319882154882155
2022,41,Hyde Park,median time,5.842407407407407
2022,42,Woodlawn,calls,217
2022,42,Woodlawn,calls per capita,0.009092813743976535
2022,42,Woodlawn,mean time,8.022311934630483
2022,42,Woodlawn,median time,6.204467592592593
2022,43,South Shore,calls,358
2022,43,South Shore,calls per capita,0.006421063959536536
2022,43,South Shore,mean time,8.551232768208152
2022,43,South Shore,median time,6.476510416666667
2022,44,Chatham,calls,319
2022,44,Chatham,calls per capita,0.010165062774839079
2022,44,Chatham,mean time,10.108406188319982
2022,44,Chatham,median time,9.814710648148148
2022,45,Avalon Park,calls,124
2022,45,Avalon Park,calls per capita,0.012908598792421403
2022,45,Avalon Park,mean time,9.390540994623656
2022,45,Avalon Park,median time,8.170451388888889
2022,46,South Chicago,calls,337
2022,46,South Chicago,calls per capita,0.011116608939468909
2022,46,South Chicago,mean time,9.439334988735025
2022,46,South Chicago,median time,7.929918981481482
2022,47,Burnside,calls,31
2022,47,Burnside,calls per capita,0.013802315227070348
2022,47,Burnside,mean time,8.167739695340503
2022,47,Burnside,median time,5.081226851851852
2022,48,Calumet Heights,calls,148
2022,48,Calumet Heights,calls per capita,0.011556180213945498
2022,48,Calumet Heights,mean time,10.328330909034035
2022,48,Calumet Heights,median time,9.249085648148148
2022,49,Roseland,calls,965
2022,49,Roseland,calls per capita,0.02565806966232385
2022,49,Roseland,mean time,10.512015436096718
2022,49,Roseland,median time,10.684212962962963
2022,50,Pullman,calls,71
2022,50,Pullman,calls per capita,0.010355892648774796
2022,50,Pullman,mean time,10.313914971309337
2022,50,Pullman,median time,12.345069444444444
2022,51,South Deering,calls,140
2022,51,South Deering,calls per capita,0.00919963201471941
2022,51,South Deering,mean time,8.891918898809523
2022,51,South Deering,median time,7.113524305555556
2022,52,East Side,calls,79
2022,52,East Side,calls per capita,0.0033095936321742773
2022,52,East Side,mean time,9.169756358415377
2022,52,East Side,median time,8.11542824074074
2022,53,West Pullman,calls,690
2022,53,West Pullman,calls per capita,0.027113049628669103
2022,53,West Pullman,mean time,10.380326221148685
2022,53,West Pullman,median time,10.001244212962963
2022,54,Riverdale,calls,14
2022,54,Riverdale,calls per capita,0.0017909684022003327
2022,54,Riverdale,mean time,10.355518353174602
2022,54,Riverdale,median time,13.366608796296296
2022,55,Hegewisch,calls,41
2022,55,Hegewisch,calls per capita,0.004506980323183467
2022,55,Hegewisch,mean time,7.313347165763324
2022,55,Hegewisch,median time,5.232372685185185
2022,56,Garfield Ridge,calls,1319
2022,56,Garfield Ridge,calls per capita,0.03623526826186094
2022,56,Garfield Ridge,mean time,10.428146831915312
2022,56,Garfield Ridge,median time,11.709398148148148
2022,57,Archer Heights,calls,301
2022,57,Archer Heights,calls per capita,0.02170620898536093
2022,57,Archer Heights,mean time,9.423620301156639
2022,57,Archer Heights,median time,8.421215277777778
2022,58,Brighton Park,calls,539
2022,58,Brighton Park,calls per capita,0.012759510451435741
2022,58,Brighton Park,mean time,7.114691622861265
2022,58,Brighton Park,median time,5.587743055555555
2022,59,McKinley Park,calls,183
2022,59,McKinley Park,calls per capita,0.01182246915175399
2022,59,McKinley Park,mean time,7.728597323416312
2022,59,McKinley Park,median time,6.058217592592593
2022,60,Bridgeport,calls,1458
2022,60,Bridgeport,calls per capita,0.043934189115892246
2022,60,Bridgeport,mean time,9.192743222260326
2022,60,Bridgeport,median time,7.354056712962963
2022,61,New City,calls,1001
2022,61,New City,calls per capita,0.024431915257133095
2022,61,New City,mean time,7.761409724534724
2022,61,New City,median time,5.266354166666667
2022,62,West Elsdon,calls,371
2022,62,West Elsdon,calls per capita,0.020200370249373843
2022,62,West Elsdon,mean time,10.504399520814616
2022,62,West Elsdon,median time,12.003020833333334
2022,63,Gage Park,calls,496
2022,63,Gage Park,calls per capita,0.014257790042543406
2022,63,Gage Park,mean time,8.107739228643966
2022,63,Gage Park,median time,5.955092592592592
2022,64,Clearing,calls,1687
2022,64,Clearing,calls per capita,0.06822225816887739
2022,64,Clearing,mean time,10.553746061933303
2022,64,Clearing,median time,11.85855324074074
2022,65,West Lawn,calls,347
2022,65,West Lawn,calls per capita,0.010646131189789531
2022,65,West Lawn,mean time,11.269620857348704
2022,65,West Lawn,median time,13.072997685185186
2022,66,Chicago Lawn,calls,932
2022,66,Chicago Lawn,calls per capita,0.017764562366575174
2022,66,Chicago Lawn,mean time,9.75066835310364
2022,66,Chicago Lawn,median time,9.746087962962964
2022,67,West Englewood,calls,1028
2022,67,West Englewood,calls per capita,0.03988825081483781
2022,67,West Englewood,mean time,8.778969175583658
2022,67,West Englewood,median time,6.776342592592593
2022,68,Englewood,calls,724
2022,68,Englewood,calls per capita,0.03386659182336982
2022,68,Englewood,mean time,9.368820291717823
2022,68,Englewood,median time,8.029126157407408
2022,69,Greater Grand Crossing,calls,557
2022,69,Greater Grand Crossing,calls per capita,0.019212859163188576
2022,69,Greater Grand Crossing,mean time,9.714171196555622
2022,69,Greater Grand Crossing,median time,8.39508101851852
2022,70,Ashburn,calls,746
2022,70,Ashburn,calls per capita,0.01745233360626974
2022,70,Ashburn,mean time,9.55702208072684
2022,70,Ashburn,median time,11.117413194444444
2022,71,Auburn Gresham,calls,969
2022,71,Auburn Gresham,calls per capita,0.020853060170439874
2022,71,Auburn Gresham,mean time,9.232324358349578
2022,71,Auburn Gresham,median time,9.428310185185186
2022,72,Beverly,calls,135
2022,72,Beverly,calls per capita,0.006824730802285021
2022,72,Beverly,mean time,9.463673954046639
2022,72,Beverly,median time,10.206145833333334
2022,73,Washington Heights,calls,457
2022,73,Washington Heights,calls per capita,0.017273964318113094
2022,73,Washington Heights,mean time,10.226571921346949
2022,73,Washington Heights,median time,10.84982638888889
2022,74,Mount Greenwood,calls,411
2022,74,Mount Greenwood,calls per capita,0.021494691700224885
2022,74,Mount Greenwood,mean time,8.767751869874742
2022,74,Mount Greenwood,median time,9.572314814814815
2022,75,Morgan Park,calls,349
2022,75,Morgan Park,calls per capita,0.01684037830534646
2022,75,Morgan Park,mean time,9.939521251193888
2022,75,Morgan Park,median time,9.730011574074075
2022,76,O'Hare,calls,19
2022,76,O'Hare,calls per capita,0.0014160083469965717
2022,76,O'Hare,mean time,9.935521442495126
2022,76,O'Hare,median time,11.195358796296297
2022,77,Edgewater,calls,609
2022,77,Edgewater,calls per capita,0.010855808481434607
2022,77,Edgewater,mean time,9.049421543361916
2022,77,Edgewater,median time,8.623229166666667
2023,0,Unlabeled,calls,20
2023,0,Unlabeled,calls per capita,-20.0
2023,0,Unlabeled,mean time,13.235083333333334
2023,0,Unlabeled,median time,12.72279513888889
2023,1,Rogers Park,calls,970
2023,1,Rogers Park,calls per capita,0.017411283229523792
2023,1,Rogers Park,mean time,9.073093666475755
2023,1,Rogers Park,median time,5.153356481481481
2023,2,West Ridge,calls,1253
2023,2,West Ridge,calls per capita,0.015807733552009085
2023,2,West Ridge,mean time,8.19771805998936
2023,2,West Ridge,median time,5.351111111111111
2023,3,Uptown,calls,645
2023,3,Uptown,calls per capita,0.01122441876653209
2023,3,Uptown,mean time,9.31765665374677
2023,3,Uptown,median time,7.206458333333333
2023,4,Lincoln Square,calls,835
2023,4,Lincoln Square,calls per capita,0.0197534953041092
2023,4,Lincoln Square,mean time,9.65661751497006
2023,4,Lincoln Square,median time,6.405057870370371
2023,5,North Center,calls,942
2023,5,North Center,calls per capita,0.026302563243424358
2023,5,North Center,mean time,9.908328406365495
2023,5,North Center,median time,6.2415162037037035
2023,6,Lake View,calls,2180
2023,6,Lake View,calls per capita,0.021427377898347734
2023,6,Lake View,mean time,10.625763395132518
2023,6,Lake View,median time,9.03263888888889
2023,7,Lincoln Park,calls,1359
2023,7,Lincoln Park,calls per capita,0.01966743368210828
2023,7,Lincoln Park,mean time,9.267938622489304
2023,7,Lincoln Park,median time,6.165543981481481
2023,8,Near North Side,calls,735
2023,8,Near North Side,calls per capita,0.0072622717571733456
2023,8,Near North Side,mean time,6.65788814877803
2023,8,Near North Side,median time,4.013171296296297
2023,9,Edison Park,calls,306
2023,9,Edison Park,calls per capita,0.026837396947903876
2023,9,Edison Park,mean time,9.57709142762043
2023,9,Edison Park,median time,6.904253472222223
2023,10,Norwood Park,calls,966
2023,10,Norwood Park,calls per capita,0.024368709164753664
2023,10,Norwood Park,mean time,10.383172662180815
2023,10,Norwood Park,median time,8.687905092592594
2023,11,Jefferson Park,calls,973
2023,11,Jefferson Park,calls per capita,0.03599437703462563
2023,11,Jefferson Park,mean time,10.131854635339348
2023,11,Jefferson Park,median time,6.5778125
2023,12,Forest Glen,calls,438
2023,12,Forest Glen,calls per capita,0.022059934525308487
2023,12,Forest Glen,mean time,11.035978114958565
2023,12,Forest Glen,median time,12.008859953703704
2023,13,North Park,calls,376
2023,13,North Park,calls per capita,0.019383441591916694
2023,13,North Park,mean time,10.72171354782309
2023,13,North Park,median time,10.701140046296295
2023,14,Albany Park,calls,729
2023,14,Albany Park,calls per capita,0.015294882823154228
2023,14,Albany Park,mean time,9.79197661052685
2023,14,Albany Park,median time,7.076145833333333
2023,15,Portage Park,calls,2020
2023,15,Portage Park,calls per capita,0.03145780449441702
2023,15,Portage Park,mean time,10.91336127727356
2023,15,Portage Park,median time,9.056348379629629
2023,16,Irving Park,calls,1574
2023,16,Irving Park,calls per capita,0.029374440131382504
2023,16,Irving Park,mean time,9.489789218022025
2023,16,Irving Park,median time,6.152916666666666
2023,17,Dunning,calls,1248
2023,17,Dunning,calls per capita,0.029313665617513036
2023,17,Dunning,mean time,11.150610680792973
2023,17,Dunning,median time,9.268350694444445
2023,18,Montclare,calls,268
2023,18,Montclare,calls per capita,0.019469669451507448
2023,18,Montclare,mean time,9.912424379836926
2023,18,Montclare,median time,7.162256944444444
2023,19,Belmont Cragin,calls,1262
2023,19,Belmont Cragin,calls per capita,0.017056128448054493
2023,19,Belmont Cragin,mean time,10.522715661134589
2023,19,Belmont Cragin,median time,7.84734375
2023,20,Hermosa,calls,523
2023,20,Hermosa,calls per capita,0.022584963509953794
2023,20,Hermosa,mean time,10.13349917675802
2023,20,Hermosa,median time,6.953530092592593
2023,21,Avondale,calls,789
2023,21,Avondale,calls per capita,0.021691317974377303
2023,21,Avondale,mean time,10.599141523494344
2023,21,Avondale,median time,6.903946759259259
2023,22,Logan Square,calls,1590
2023,22,Logan Square,calls per capita,0.022315163083141527
2023,22,Logan Square,mean time,9.961504098241322
2023,22,Logan Square,median time,6.016585648148148
2023,23,Humboldt Park,calls,893
2023,23,Humboldt Park,calls per capita,0.01611447957268659
2023,23,Humboldt Park,mean time,9.89912968924972
2023,23,Humboldt Park,median time,6.59
2023,24,West Town,calls,2654
2023,24,West Town,calls per capita,0.030688466964223768
2023,24,West Town,mean time,9.82324807156912
2023,24,West Town,median time,6.062760416666666
2023,25,Austin,calls,1393
2023,25,Austin,calls per capita,0.01391330403515781
2023,25,Austin,mean time,10.002515844766158
2023,25,Austin,median time,6.93400462962963
2023,26,West Garfield Park,calls,249
2023,26,West Garfield Park,calls per capita,0.015207035544155369
2023,26,West Garfield Park,mean time,10.75792600959393
2023,26,West Garfield Park,median time,9.749652777777778
2023,27,East Garfield Park,calls,348
2023,27,East Garfield Park,calls per capita,0.017486558464398776
2023,27,East Garfield Park,mean time,10.14015222568114
2023,27,East Garfield Park,median time,7.524351851851852
2023,28,Near West Side,calls,888
2023,28,Near West Side,calls per capita,0.01354050715908571
2023,28,Near West Side,mean time,7.919493047735235
2023,28,Near West Side,median time,4.1857696759259255
2023,29,North Lawndale,calls,637
2023,29,North Lawndale,calls per capita,0.0209477457331711
2023,29,North Lawndale,mean time,9.894594852898424
2023,29,North Lawndale,median time,6.8665625
2023,30,South Lawndale,calls,907
2023,30,South Lawndale,calls per capita,0.013011419062374477
2023,30,South Lawndale,mean time,10.276804624014863
2023,30,South Lawndale,median time,7.865185185185185
2023,31,Lower West Side,calls,712
2023,31,Lower West Side,calls per capita,0.020796214621608203
2023,31,Lower West Side,mean time,10.171690887692467
2023,31,Lower West Side,median time,8.37367476851852
2023,32,Loop,calls,226
2023,32,Loop,calls per capita,0.005423435962659883
2023,32,Loop,mean time,5.1283735865290065
2023,32,Loop,median time,2.713263888888889
2023,33,Near South Side,calls,141
2023,33,Near South Side,calls per capita,0.004997164729231641
2023,33,Near South Side,mean time,8.32067006501182
2023,33,Near South Side,median time,4.160231481481482
2023,34,Armour Square,calls,204
2023,34,Armour Square,calls per capita,0.015421832476564862
2023,34,Armour Square,mean time,10.24117312318446
2023,34,Armour Square,median time,6.406741898148148
2023,35,Douglas,calls,59
2023,35,Douglas,calls per capita,0.0027628190119409974
2023,35,Douglas,mean time,8.059252197112366
2023,35,Douglas,median time,5.692314814814814
2023,36,Oakland,calls,59
2023,36,Oakland,calls per capita,0.00845635660025799
2023,36,Oakland,mean time,7.700286409290647
2023,36,Oakland,median time,5.23306712962963
2023,37,Fuller Park,calls,189
2023,37,Fuller Park,calls per capita,0.08517350157728706
2023,37,Fuller Park,mean time,6.897455540858319
2023,37,Fuller Park,median time,3.9010069444444446
2023,38,Grand Boulevard,calls,394
2023,38,Grand Boulevard,calls per capita,0.015878773223713376
2023,38,Grand Boulevard,mean time,9.246780732985524
2023,38,Grand Boulevard,median time,7.287951388888889
2023,39,Kenwood,calls,158
2023,39,Kenwood,calls per capita,0.008477759296024038
2023,39,Kenwood,mean time,8.936503311064229
2023,39,Kenwood,median time,7.659670138888889
2023,40,Washington Park,calls,106
2023,40,Washington Park,calls per capita,0.008571890667960536
2023,40,Washington Park,mean time,8.934528520265548
2023,40,Washington Park,median time,6.086273148148148
2023,41,Hyde Park,calls,188
2023,41,Hyde Park,calls per capita,0.006360161033864474
2023,41,Hyde Park,mean time,9.433891043636722
2023,41,Hyde Park,median time,7.718888888888889
2023,42,Woodlawn,calls,285
2023,42,Woodlawn,calls per capita,0.011942174732872407
2023,42,Woodlawn,mean time,10.138238872644575
2023,42,Woodlawn,median time,7.705081018518518
2023,43,South Shore,calls,308
2023,43,South Shore,calls per capita,0.005524267317143164
2023,43,South Shore,mean time,9.377124669312169
2023,43,South Shore,median time,5.7979571759259265
2023,44,Chatham,calls,304
2023,44,Chatham,calls per capita,0.009687081766617806
2023,44,Chatham,mean time,9.761310725816276
2023,44,Chatham,median time,7.326302083333333
2023,45,Avalon Park,calls,90
2023,45,Avalon Park,calls per capita,0.009369144284821987
2023,45,Avalon Park,mean time,11.31907896090535
2023,45,Avalon Park,median time,8.973119212962963
2023,46,South Chicago,calls,378
2023,46,South Chicago,calls per capita,0.012469074715487383
2023,46,South Chicago,mean time,9.65059713648834
2023,46,South Chicago,median time,6.022928240740741
2023,47,Burnside,calls,25
2023,47,Burnside,calls per capita,0.011130899376669634
2023,47,Burnside,mean time,13.072574074074074
2023,47,Burnside,median time,16.057916666666667
2023,48,Calumet Heights,calls,190
2023,48,Calumet Heights,calls per capita,0.014835636761146248
2023,48,Calumet Heights,mean time,10.145612634015595
2023,48,Calumet Heights,median time,6.081070601851852
2023,49,Roseland,calls,524
2023,49,Roseland,calls per capita,0.013932464770007976
2023,49,Roseland,mean time,10.563949895744981
2023,49,Roseland,median time,7.721695601851852
2023,50,Pullman,calls,52
2023,50,Pullman,calls per capita,0.007584597432905484
2023,50,Pullman,mean time,10.762002982549857
2023,50,Pullman,median time,7.259027777777778
2023,51,South Deering,calls,112
2023,51,South Deering,calls per capita,0.007359705611775529
2023,51,South Deering,mean time,10.232371238425927
2023,51,South Deering,median time,9.173975694444444
2023,52,East Side,calls,132
2023,52,East Side,calls per capita,0.005529953917050691
2023,52,East Side,mean time,9.806326985129068
2023,52,East Side,median time,7.510949074074074
2023,53,West Pullman,calls,345
2023,53,West Pullman,calls per capita,0.013556524814334552
2023,53,West Pullman,mean time,9.304591854535696
2023,53,West Pullman,median time,5.230752314814815
2023,54,Riverdale,calls,10
2023,54,Riverdale,calls per capita,0.001279263144428809
2023,54,Riverdale,mean time,11.48686226851852
2023,54,Riverdale,median time,9.54761574074074
2023,55,Hegewisch,calls,42
2023,55,Hegewisch,calls per capita,0.004616906672529405
2023,55,Hegewisch,mean time,10.107600584215168
2023,55,Hegewisch,median time,7.73177662037037
2023,56,Garfield Ridge,calls,1439
2023,56,Garfield Ridge,calls per capita,0.03953188099228043
2023,56,Garfield Ridge,mean time,10.910477577342805
2023,56,Garfield Ridge,median time,7.081747685185185
2023,57,Archer Heights,calls,209
2023,57,Archer Heights,calls per capita,0.015071753082858585
2023,57,Archer Heights,mean time,9.018195441254651
2023,57,Archer Heights,median time,4.967592592592593
2023,58,Brighton Park,calls,377
2023,58,Brighton Park,calls per capita,0.008924555547664702
2023,58,Brighton Park,mean time,8.363700510855683
2023,58,Brighton Park,median time,5.285590277777778
2023,59,McKinley Park,calls,197
2023,59,McKinley Park,calls per capita,0.012726920343691453
2023,59,McKinley Park,mean time,9.374138818386914
2023,59,McKinley Park,median time,6.999583333333334
2023,60,Bridgeport,calls,1297
2023,60,Bridgeport,calls per capita,0.0390827457361538
2023,60,Bridgeport,mean time,9.617109542319884
2023,60,Bridgeport,median time,5.900509259259259
2023,61,New City,calls,879
2023,61,New City,calls per capita,0.02145419931170828
2023,61,New City,mean time,10.239936889036363
2023,61,New City,median time,7.875474537037037
2023,62,West Elsdon,calls,350
2023,62,West Elsdon,calls per capita,0.01905695306544702
2023,62,West Elsdon,mean time,9.896354464285714
2023,62,West Elsdon,median time,5.278640046296296
2023,63,Gage Park,calls,365
2023,63,Gage Park,calls per capita,0.010492123720823272
2023,63,Gage Park,mean time,8.545110032978183
2023,63,Gage Park,median time,5.120648148148148
2023,64,Clearing,calls,1761
2023,64,Clearing,calls per capita,0.0712148172112585
2023,64,Clearing,mean time,10.785800957473658
2023,64,Clearing,median time,6.178784722222222
2023,65,West Lawn,calls,388
2023,65,West Lawn,calls per capita,0.011904031416825183
2023,65,West Lawn,mean time,11.361819545866743
2023,65,West Lawn,median time,8.665648148148147
2023,66,Chicago Lawn,calls,824
2023,66,Chicago Lawn,calls per capita,0.015706007929246722
2023,66,Chicago Lawn,mean time,10.53039659463772
2023,66,Chicago Lawn,median time,8.065613425925925
2023,67,West Englewood,calls,673
2023,67,West Englewood,calls per capita,0.026113611671581563
2023,67,West Englewood,mean time,9.613096348577404
2023,67,West Englewood,median time,6.426400462962963
2023,68,Englewood,calls,538
2023,68,Englewood,calls per capita,0.025166058564879783
2023,68,Englewood,mean time,9.65419674204874
2023,68,Englewood,median time,5.226168981481481
2023,69,Greater Grand Crossing,calls,526
2023,69,Greater Grand Crossing,calls per capita,0.01814356179503984
2023,69,Greater Grand Crossing,mean time,9.856705261582876
2023,69,Greater Grand Crossing,median time,7.008634259259259
2023,70,Ashburn,calls,632
2023,70,Ashburn,calls per capita,0.014785355012282139
2023,70,Ashburn,mean time,9.88681082981716
2023,70,Ashburn,median time,5.900457175925926
2023,71,Auburn Gresham,calls,856
2023,71,Auburn Gresham,calls per capita,0.01842127915985194
2023,71,Auburn Gresham,mean time,9.799930028232087
2023,71,Auburn Gresham,median time,6.12166087962963
2023,72,Beverly,calls,214
2023,72,Beverly,calls per capita,0.010818462160659218
2023,72,Beverly,mean time,11.091071467203184
2023,72,Beverly,median time,12.433211805555555
2023,73,Washington Heights,calls,407
2023,73,Washington Heights,calls per capita,0.015384033867553675
2023,73,Washington Heights,mean time,11.043546785421785
2023,73,Washington Heights,median time,9.020486111111111
2023,74,Mount Greenwood,calls,560
2023,74,Mount Greenwood,calls per capita,0.029287171173055803
2023,74,Mount Greenwood,mean time,10.56501070601852
2023,74,Mount Greenwood,median time,10.922453703703702
2023,75,Morgan Park,calls,298
2023,75,Morgan Park,calls per capita,0.01437946342404941
2023,75,Morgan Park,mean time,9.450148987074323
2023,75,Morgan Park,median time,6.096597222222222
2023,76,O'Hare,calls,21
2023,76,O'Hare,calls per capita,0.0015650618572067372
2023,76,O'Hare,mean time,16.30755180776014
2023,76,O'Hare,median time,18.668136574074072
2023,77,Edgewater,calls,618
2023,77,Edgewater,calls per capita,0.011016239148647926
2023,77,Edgewater,mean time,9.747167273462782
2023,77,Edgewater,median time,7.074751157407407
2024,0,Unlabeled,calls,27
2024,0,Unlabeled,calls per capita,-27.0
2024,0,Unlabeled,mean time,4.039336848422496
2024,0,Unlabeled,median time,3.012326388888889
2024,1,Rogers Park,calls,792
2024,1,Rogers Park,calls per capita,0.01421622300802355
2024,1,Rogers Park,mean time,5.0382323816872425
2024,1,Rogers Park,median time,4.128859953703704
2024,2,West Ridge,calls,1285
2024,2,West Ridge,calls per capita,0.016211442629155366
2024,2,West Ridge,mean time,4.629287028029975
2024,2,West Ridge,median time,3.743287037037037
2024,3,Uptown,calls,616
2024,3,Uptown,calls per capita,0.010719754977029096
2024,3,Uptown,mean time,4.397348578793891
2024,3,Uptown,median time,3.2119328703703705
2024,4,Lincoln Square,calls,868
2024,4,Lincoln Square,calls per capita,0.02053417236403208
2024,4,Lincoln Square,mean time,5.480048083077317
2024,4,Lincoln Square,median time,4.953084490740741
2024,5,North Center,calls,741
2024,5,North Center,calls per capita,0.020690232869827442
2024,5,North Center,mean time,5.7954860798720444
2024,5,North Center,median time,4.6120833333333335
2024,6,Lake View,calls,1864
2024,6,Lake View,calls per capita,0.018321391010330354
2024,6,Lake View,mean time,5.197438907019949
2024,6,Lake View,median time,4.058344907407408
2024,7,Lincoln Park,calls,1374
2024,7,Lincoln Park,calls per capita,0.019884513524074155
2024,7,Lincoln Park,mean time,5.39822045662839
2024,7,Lincoln Park,median time,4.690659722222222
2024,8,Near North Side,calls,484
2024,8,Near North Side,calls per capita,0.004782230653703264
2024,8,Near North Side,mean time,4.447118557736456
2024,8,Near North Side,median time,3.8710127314814815
2024,9,Edison Park,calls,176
2024,9,Edison Park,calls per capita,0.015435888440624452
2024,9,Edison Park,mean time,5.2728261784511785
2024,9,Edison Park,median time,5.181950231481482
2024,10,Norwood Park,calls,890
2024,10,Norwood Park,calls per capita,0.02245150223253702
2024,10,Norwood Park,mean time,5.585730883270911
2024,10,Norwood Park,median time,4.851059027777778
2024,11,Jefferson Park,calls,910
2024,11,Jefferson Park,calls per capita,0.03366380585972181
2024,11,Jefferson Park,mean time,5.7692337327024825
2024,11,Jefferson Park,median time,4.222824074074074
2024,12,Forest Glen,calls,483
2024,12,Forest Glen,calls per capita,0.024326366154621002
2024,12,Forest Glen,mean time,5.877371606855302
2024,12,Forest Glen,median time,5.335196759259259
2024,13,North Park,calls,360
2024,13,North Park,calls per capita,0.018558614290133002
2024,13,North Park,mean time,5.42076986882716
2024,13,North Park,median time,4.698258101851852
2024,14,Albany Park,calls,786
2024,14,Albany Park,calls per capita,0.016490779010972872
2024,14,Albany Park,mean time,5.577218747054943
2024,14,Albany Park,median time,4.77130787037037
2024,15,Portage Park,calls,1778
2024,15,Portage Park,calls per capita,0.02768909722330369
2024,15,Portage Park,mean time,5.865583377598633
2024,15,Portage Park,median time,5.006475694444445
2024,16,Irving Park,calls,1244
2024,16,Irving Park,calls per capita,0.023215885338907137
2024,16,Irving Park,mean time,5.488441658851375
2024,16,Irving Park,median time,4.248935185185186
2024,17,Dunning,calls,1285
2024,17,Dunning,calls per capita,0.030182740639827125
2024,17,Dunning,mean time,5.6827318867992505
2024,17,Dunning,median time,5.014456018518518
2024,18,Montclare,calls,182
2024,18,Montclare,calls per capita,0.013221939702143116
2024,18,Montclare,mean time,5.0504815959503455
2024,18,Montclare,median time,3.989670138888889
2024,19,Belmont Cragin,calls,1266
2024,19,Belmont Cragin,calls per capita,0.017110189077049913
2024,19,Belmont Cragin,mean time,5.07483942572114
2024,19,Belmont Cragin,median time,3.919415509259259
2024,20,Hermosa,calls,526
2024,20,Hermosa,calls per capita,0.022714513969857925
2024,20,Hermosa,mean time,5.709032552633432
2024,20,Hermosa,median time,4.740439814814815
2024,21,Avondale,calls,808
2024,21,Avondale,calls per capita,0.022213669104305275
2024,21,Avondale,mean time,5.521435314104327
2024,21,Avondale,median time,4.000353009259259
2024,22,Logan Square,calls,1448
2024,22,Logan Square,calls per capita,0.020322236568798068
2024,22,Logan Square,mean time,5.485601875831287
2024,22,Logan Square,median time,4.219346064814815
2024,23,Humboldt Park,calls,897
2024,23,Humboldt Park,calls per capita,0.016186660892161107
2024,23,Humboldt Park,mean time,5.240195197985053
2024,23,Humboldt Park,median time,4.232754629629629
2024,24,West Town,calls,2104
2024,24,West Town,calls per capita,0.024328762054531577
2024,24,West Town,mean time,5.371863018852978
2024,24,West Town,median time,4.184814814814815
2024,25,Austin,calls,1135
2024,25,Austin,calls per capita,0.011336396324410707
2024,25,Austin,mean time,5.003305361804536
2024,25,Austin,median time,4.0168634259259255
2024,26,West Garfield Park,calls,240
2024,26,West Garfield Park,calls per capita,0.014657383657017223
2024,26,West Garfield Park,mean time,4.854079330632716
2024,26,West Garfield Park,median time,3.22265625
2024,27,East Garfield Park,calls,292
2024,27,East Garfield Park,calls per capita,0.014672629516104718
2024,27,East Garfield Park,mean time,4.613181403792491
2024,27,East Garfield Park,median time,3.040138888888889
2024,28,Near West Side,calls,594
2024,28,Near West Side,calls per capita,0.009057501410469496
2024,28,Near West Side,mean time,4.501256001371742
2024,28,Near West Side,median time,3.5552604166666666
2024,29,North Lawndale,calls,581
2024,29,North Lawndale,calls per capita,0.0191061856687165
2024,29,North Lawndale,mean time,4.987027574584051
2024,29,North Lawndale,median time,3.8886458333333334
2024,30,South Lawndale,calls,767
2024,30,South Lawndale,calls per capita,0.011003041257818327
2024,30,South Lawndale,mean time,4.881562847071321
2024,30,South Lawndale,median time,4.126388888888889
2024,31,Lower West Side,calls,575
2024,31,Lower West Side,calls per capita,0.016794695796944824
2024,31,Lower West Side,mean time,4.046669343800322
2024,31,Lower West Side,median time,3.0386458333333333
2024,32,Loop,calls,239
2024,32,Loop,calls per capita,0.005735403518034124
2024,32,Loop,mean time,3.1579813168293818
2024,32,Loop,median time,2.2901041666666666
2024,33,Near South Side,calls,79
2024,33,Near South Side,calls per capita,0.0027998298837538984
2024,33,Near South Side,mean time,4.048987341772152
2024,33,Near South Side,median time,2.982650462962963
2024,34,Armour Square,calls,227
2024,34,Armour Square,calls per capita,0.01716056849107953
2024,34,Armour Square,mean time,4.925888042502855
2024,34,Armour Square,median time,4.172430555555556
2024,35,Douglas,calls,96
2024,35,Douglas,calls per capita,0.004495434324514165
2024,35,Douglas,mean time,3.6323871527777776
2024,35,Douglas,median time,2.661736111111111
2024,36,Oakland,calls,74
2024,36,Oakland,calls per capita,0.010606277769815107
2024,36,Oakland,mean time,3.1099224224224224
2024,36,Oakland,median time,2.652633101851852
2024,37,Fuller Park,calls,142
2024,37,Fuller Park,calls per capita,0.06399278954484001
2024,37,Fuller Park,mean time,3.5667806142410017
2024,37,Fuller Park,median time,2.617789351851852
2024,38,Grand Boulevard,calls,353
2024,38,Grand Boulevard,calls per capita,0.014226413573530005
2024,38,Grand Boulevard,mean time,4.57149813765607
2024,38,Grand Boulevard,median time,3.8306944444444446
2024,39,Kenwood,calls,109
2024,39,Kenwood,calls per capita,0.005848580780168482
2024,39,Kenwood,mean time,4.337968909276249
2024,39,Kenwood,median time,3.4094212962962964
2024,40,Washington Park,calls,97
2024,40,Washington Park,calls per capita,0.007844088630114831
2024,40,Washington Park,mean time,4.77431808419244
2024,40,Washington Park,median time,3.473287037037037
2024,41,Hyde Park,calls,215
2024,41,Hyde Park,calls per capita,0.007273588416387564
2024,41,Hyde Park,mean time,4.5585191106804475
2024,41,Hyde Park,median time,3.2194212962962965
2024,42,Woodlawn,calls,261
2024,42,Woodlawn,calls per capita,0.0109365179132621
2024,42,Woodlawn,mean time,5.024884303604371
2024,42,Woodlawn,median time,4.0397337962962965
2024,43,South Shore,calls,246
2024,43,South Shore,calls per capita,0.004412239480575385
2024,43,South Shore,mean time,4.400783978846733
2024,43,South Shore,median time,3.3391261574074074
2024,44,Chatham,calls,269
2024,44,Chatham,calls per capita,0.008571792747434834
2024,44,Chatham,mean time,4.849114518793887
2024,44,Chatham,median time,3.9855555555555555
2024,45,Avalon Park,calls,95
2024,45,Avalon Park,calls per capita,0.00988965230064543
2024,45,Avalon Park,mean time,5.157407529239766
2024,45,Avalon Park,median time,4.717743055555555
2024,46,South Chicago,calls,259
2024,46,South Chicago,calls per capita,0.008543625268019132
2024,46,South Chicago,mean time,4.760572000572001
2024,46,South Chicago,median time,3.9266087962962963
2024,47,Burnside,calls,17
2024,47,Burnside,calls per capita,0.007569011576135352
2024,47,Burnside,mean time,6.968798338779957
2024,47,Burnside,median time,6.35193287037037
2024,48,Calumet Heights,calls,126
2024,48,Calumet Heights,calls per capita,0.009838369641602248
2024,48,Calumet Heights,mean time,4.9605239564961785
2024,48,Calumet Heights,median time,3.373709490740741
2024,49,Roseland,calls,427
2024,49,Roseland,calls per capita,0.011353363467162989
2024,49,Roseland,mean time,4.895484159510799
2024,49,Roseland,median time,3.994641203703704
2024,50,Pullman,calls,89
2024,50,Pullman,calls per capita,0.012981330221703617
2024,50,Pullman,mean time,5.247556830004162
2024,50,Pullman,median time,4.925682870370371
2024,51,South Deering,calls,92
2024,51,South Deering,calls per capita,0.006045472466815613
2024,51,South Deering,mean time,5.693932794887279
2024,51,South Deering,median time,5.1243692129629625
2024,52,East Side,calls,131
2024,52,East Side,calls per capita,0.005488060326770005
2024,52,East Side,mean time,5.162815592309867
2024,52,East Side,median time,4.334074074074074
2024,53,West Pullman,calls,263
2024,53,West Pullman,calls per capita,0.010334394278753586
2024,53,West Pullman,mean time,5.195177087734122
2024,53,West Pullman,median time,4.894895833333333
2024,54,Riverdale,calls,15
2024,54,Riverdale,calls per capita,0.0019188947166432135
2024,54,Riverdale,mean time,6.261773148148148
2024,54,Riverdale,median time,7.39619212962963
2024,55,Hegewisch,calls,25
2024,55,Hegewisch,calls per capita,0.0027481587336484555
2024,55,Hegewisch,mean time,3.8706240740740743
2024,55,Hegewisch,median time,2.9588310185185187
2024,56,Garfield Ridge,calls,1762
2024,56,Garfield Ridge,calls per capita,0.04840526359165957
2024,56,Garfield Ridge,mean time,5.323255034262412
2024,56,Garfield Ridge,median time,4.135046296296296
2024,57,Archer Heights,calls,180
2024,57,Archer Heights,calls per capita,0.012980457200548063
2024,57,Archer Heights,mean time,4.343151105967078
2024,57,Archer Heights,median time,3.258952546296296
2024,58,Brighton Park,calls,563
2024,58,Brighton Park,calls per capita,0.01332765191866108
2024,58,Brighton Park,mean time,4.485745900763107
2024,58,Brighton Park,median time,3.9822685185185187
2024,59,McKinley Park,calls,162
2024,59,McKinley Park,calls per capita,0.010465792363847794
2024,59,McKinley Park,mean time,4.712984324988569
2024,59,McKinley Park,median time,3.9774652777777777
2024,60,Bridgeport,calls,1087
2024,60,Bridgeport,calls per capita,0.032754776110408
2024,60,Bridgeport,mean time,5.478441748441173
2024,60,Bridgeport,median time,4.248854166666667
2024,61,New City,calls,1047
2024,61,New City,calls per capita,0.025554660613604743
2024,61,New City,mean time,6.548404004828611
2024,61,New City,median time,6.078969907407408
2024,62,West Elsdon,calls,372
2024,62,West Elsdon,calls per capita,0.02025481868670369
2024,62,West Elsdon,mean time,5.395531411788133
2024,62,West Elsdon,median time,3.9970949074074076
2024,63,Gage Park,calls,750
2024,63,Gage Park,calls per capita,0.02155915833045878
2024,63,Gage Park,mean time,5.4521864814814816
2024,63,Gage Park,median time,3.9789814814814815
2024,64,Clearing,calls,1871
2024,64,Clearing,calls per capita,0.07566321578777095
2024,64,Clearing,mean time,5.227603393412119
2024,64,Clearing,median time,3.4227083333333335
2024,65,West Lawn,calls,394
2024,65,West Lawn,calls per capita,0.01208811437687918
2024,65,West Lawn,mean time,5.5868650122203425
2024,65,West Lawn,median time,4.092824074074074
2024,66,Chicago Lawn,calls,935
2024,66,Chicago Lawn,calls per capita,0.017821744434278742
2024,66,Chicago Lawn,mean time,6.0237672187561895
2024,66,Chicago Lawn,median time,5.008877314814815
2024,67,West Englewood,calls,972
2024,67,West Englewood,calls per capita,0.03771534999223964
2024,67,West Englewood,mean time,5.906520847622313
2024,67,West Englewood,median time,5.33390625
2024,68,Englewood,calls,467
2024,68,Englewood,calls per capita,0.021844887267284122
2024,68,Englewood,mean time,5.447507212110398
2024,68,Englewood,median time,4.735717592592593
2024,69,Greater Grand Crossing,calls,406
2024,69,Greater Grand Crossing,calls per capita,0.014004346176399573
2024,69,Greater Grand Crossing,mean time,4.980813292510491
2024,69,Greater Grand Crossing,median time,4.074554398148148
2024,70,Ashburn,calls,525
2024,70,Ashburn,calls per capita,0.012282138261785005
2024,70,Ashburn,mean time,5.234847795414462
2024,70,Ashburn,median time,4.265381944444444
2024,71,Auburn Gresham,calls,690
2024,71,Auburn Gresham,calls per capita,0.014848928294740467
2024,71,Auburn Gresham,mean time,5.075881676060118
2024,71,Auburn Gresham,median time,4.105844907407407
2024,72,Beverly,calls,375
2024,72,Beverly,calls per capita,0.018957585561902836
2024,72,Beverly,mean time,5.436798765432099
2024,72,Beverly,median time,5.290775462962963
2024,73,Washington Heights,calls,360
2024,73,Washington Heights,calls per capita,0.013607499244027819
2024,73,Washington Heights,mean time,4.966149048353909
2024,73,Washington Heights,median time,4.115596064814815
2024,74,Mount Greenwood,calls,590
2024,74,Mount Greenwood,calls per capita,0.030856126771612362
2024,74,Mount Greenwood,mean time,5.409679084274953
2024,74,Mount Greenwood,median time,4.940885416666667
2024,75,Morgan Park,calls,358
2024,75,Morgan Park,calls per capita,0.017274657402045937
2024,75,Morgan Park,mean time,5.031519275036209
2024,75,Morgan Park,median time,4.1530960648148145
2024,76,O'Hare,calls,28
2024,76,O'Hare,calls per capita,0.002086749142942316
2024,76,O'Hare,mean time,6.120076884920635
2024,76,O'Hare,median time,6.651475694444445
2024,77,Edgewater,calls,499
2024,77,Edgewater,calls per capita,0.008894989215494037
2024,77,Edgewater,mean time,4.505887469383211
2024,77,Edgewater,median time,3.844710648148148
All,0,Unlabeled,calls,418
All,1,Rogers Park,calls,5649
All,2,West Ridge,calls,8183
All,3,Uptown,calls,3576
All,4,Lincoln Square,calls,4639
All,5,North Center,calls,5111
All,6,Lake View,calls,12576
All,7,Lincoln Park,calls,7041
All,8,Near North Side,calls,3022
All,9,Edison Park,calls,861
All,10,Norwood Park,calls,5310
All,11,Jefferson Park,calls,6016
All,12,Forest Glen,calls,2553
All,13,North Park,calls,1682
All,14,Albany Park,calls,4493
All,15,Portage Park,calls,11752
All,16,Irving Park,calls,9275
All,17,Dunning,calls,6844
All,18,Montclare,calls,1320
All,19,Belmont Cragin,calls,8728
All,20,Hermosa,calls,3081
All,21,Avondale,calls,4925
All,22,Logan Square,calls,11265
All,23,Humboldt Park,calls,7090
All,24,West Town,calls,16180
All,25,Austin,calls,8847
All,26,West Garfield Park,calls,1817
All,27,East Garfield Park,calls,3303
All,28,Near West Side,calls,4816
All,29,North Lawndale,calls,4750
All,30,South Lawndale,calls,6053
All,31,Lower West Side,calls,3561
All,32,Loop,calls,1044
All,33,Near South Side,calls,591
All,34,Armour Square,calls,1645
All,35,Douglas,calls,380
All,36,Oakland,calls,257
All,37,Fuller Park,calls,1010
All,38,Grand Boulevard,calls,2599
All,39,Kenwood,calls,1161
All,40,Washington Park,calls,861
All,41,Hyde Park,calls,1258
All,42,Woodlawn,calls,1345
All,43,South Shore,calls,2014
All,44,Chatham,calls,1873
All,45,Avalon Park,calls,622
All,46,South Chicago,calls,1978
All,47,Burnside,calls,181
All,48,Calumet Heights,calls,910
All,49,Roseland,calls,5270
All,50,Pullman,calls,412
All,51,South Deering,calls,749
All,52,East Side,calls,568
All,53,West Pullman,calls,4037
All,54,Riverdale,calls,70
All,55,Hegewisch,calls,203
All,56,Garfield Ridge,calls,8693
All,57,Archer Heights,calls,1532
All,58,Brighton Park,calls,3531
All,59,McKinley Park,calls,1314
All,60,Bridgeport,calls,7541
All,61,New City,calls,5875
All,62,West Elsdon,calls,2109
All,63,Gage Park,calls,3377
All,64,Clearing,calls,11228
All,65,West Lawn,calls,2604
All,66,Chicago Lawn,calls,5451
All,67,West Englewood,calls,6770
All,68,Englewood,calls,4293
All,69,Greater Grand Crossing,calls,2962
All,70,Ashburn,calls,4417
All,71,Auburn Gresham,calls,5986
All,72,Beverly,calls,1124
All,73,Washington Heights,calls,2623
All,74,Mount Greenwood,calls,2703
All,75,Morgan Park,calls,2028
All,76,O'Hare,calls,104
All,77,Edgewater,calls,3538
All,0,Unlabeled,calls per capita,-1
All,1,Rogers Park,calls per capita,0.101398287591319
All,2,West Ridge,calls per capita,0.103235980571501
All,3,Uptown,calls per capita,0.0622302659056105
All,4,Lincoln Square,calls per capita,0.109744269120674
All,5,North Center,calls per capita,0.142709554922656
All,6,Lake View,calls per capita,0.123610414885147
All,7,Lincoln Park,calls per capita,0.101897277818782
All,8,Near North Side,calls per capita,0.0298592996601059
All,9,Edison Park,calls per capita,0.0755130678828276
All,10,Norwood Park,calls per capita,0.133952221185137
All,11,Jefferson Park,calls per capita,0.222551050606688
All,12,Forest Glen,calls per capita,0.128582221102997
All,13,North Park,calls per capita,0.0867099701000103
All,14,Albany Park,calls per capita,0.0942659924889327
All,15,Portage Park,calls per capita,0.183015900207123
All,16,Irving Park,calls per capita,0.173092714243058
All,17,Dunning,calls per capita,0.16075539061399
All,18,Montclare,calls per capita,0.0958953868507083
All,19,Belmont Cragin,calls per capita,0.117960292468003
All,20,Hermosa,calls per capita,0.133048322321544
All,21,Avondale,calls per capita,0.135398911310277
All,22,Logan Square,calls per capita,0.158100825239993
All,23,Humboldt Park,calls per capita,0.127941388768587
All,24,West Town,calls per capita,0.187090955343308
All,25,Austin,calls per capita,0.0883639632441071
All,26,West Garfield Park,calls per capita,0.110968608770001
All,27,East Garfield Park,calls per capita,0.16597155921813
All,28,Near West Side,calls per capita,0.073435903691618
All,29,North Lawndale,calls per capita,0.156203755467131
All,30,South Lawndale,calls per capita,0.0868336489355598
All,31,Lower West Side,calls per capita,0.104010281274644
All,32,Loop,calls per capita,0.0250533944469775
All,33,Near South Side,calls per capita,0.0209455628012475
All,34,Armour Square,calls per capita,0.12435742364681
All,35,Douglas,calls per capita,0.0177944275345352
All,36,Oakland,calls per capita,0.0368353160384119
All,37,Fuller Park,calls per capita,0.455159981973862
All,38,Grand Boulevard,calls per capita,0.104743481239673
All,39,Kenwood,calls per capita,0.0622954338144551
All,40,Washington Park,calls per capita,0.0696263949539059
All,41,Hyde Park,calls per capita,0.0425589498968165
All,42,Woodlawn,calls per capita,0.056358684265661
All,43,South Shore,calls per capita,0.036122968755605
All,44,Chatham,calls per capita,0.059683895226563
All,45,Avalon Park,calls per capita,0.0647511971684364
All,46,South Chicago,calls per capita,0.0652482269503546
All,47,Burnside,calls per capita,0.0805877114870882
All,48,Calumet Heights,calls per capita,0.0710548918560162
All,49,Roseland,calls per capita,0.140122307896836
All,50,Pullman,calls per capita,0.0600933488914819
All,51,South Deering,calls per capita,0.0492180312787489
All,52,East Side,calls per capita,0.0237955592794302
All,53,West Pullman,calls per capita,0.158630987465126
All,54,Riverdale,calls per capita,0.00895484201100166
All,55,Hegewisch,calls per capita,0.0223150489172255
All,56,Garfield Ridge,calls per capita,0.238812120546139
All,57,Archer Heights,calls per capita,0.110478113506887
All,58,Brighton Park,calls per capita,0.083587813365528
All,59,McKinley Park,calls per capita,0.0848892047289877
All,60,Bridgeport,calls per capita,0.227234375941662
All,61,New City,calls per capita,0.143394108027629
All,62,West Elsdon,calls per capita,0.114831754328651
All,63,Gage Park,calls per capita,0.0970737035759457
All,64,Clearing,calls per capita,0.454060174700744
All,65,West Lawn,calls per capita,0.079892004663435
All,66,Chicago Lawn,calls per capita,0.103899817017383
All,67,West Englewood,calls per capita,0.262688188731957
All,68,Englewood,calls per capita,0.200813920853214
All,69,Greater Grand Crossing,calls per capita,0.102169638853437
All,70,Ashburn,calls per capita,0.103333723242485
All,71,Auburn Gresham,calls per capita,0.128819833003357
All,72,Beverly,calls per capita,0.0568222031242101
All,73,Washington Heights,calls per capita,0.0991457514363471
All,74,Mount Greenwood,calls per capita,0.141362899429946
All,75,Morgan Park,calls per capita,0.0978575564562826
All,76,O'Hare,calls per capita,0.0077507825309286
All,77,Edgewater,calls per capita,0.0630670778445249
